Twelve For Three,,,,,,,,,,,,,,,,,,,,,,,,,,,,,,,,,,,,,,,,,,,,,,,
A#7,D#7,A#7,D#7,A#7,G7,Cmin7,F7,A#7,G7,Cmin7,F7,,,,,,,,,,,,,,,,,,,,,,,,,,,,,,,,,,,,
6-x-6-7-x-x,6-x-5-6-x-x,6-x-6-7-x-x,6-x-5-6-x-x,6-x-6-7-x-x,10-x-9-10-x-x,8-x-8-8-x-x,8-x-7-8-x-x,6-x-6-7-x-x,10-x-9-10-x-x,8-x-8-8-x-x,8-x-7-8-x-x,,,,,,,,,,,,,,,,,,,,,,,,,,,,,,,,,,,,
Twelve For Three_copy,,,,,,,,,,,,,,,,,,,,,,,,,,,,,,,,,,,,,,,,,,,,,,,
F#7,B7,F#7,B7,F#7,D#7,G#min7,C#7,F#7,D#7,G#min7,C#7,,,,,,,,,,,,,,,,,,,,,,,,,,,,,,,,,,,,
2-x-2-3-x-x,2-x-1-2-x-x,2-x-2-3-x-x,2-x-1-2-x-x,2-x-2-3-x-x,6-x-5-6-x-x,4-x-4-4-x-x,4-x-3-4-x-x,2-x-2-3-x-x,6-x-5-6-x-x,4-x-4-4-x-x,4-x-3-4-x-x,,,,,,,,,,,,,,,,,,,,,,,,,,,,,,,,,,,,
Twelve For Three_copy,,,,,,,,,,,,,,,,,,,,,,,,,,,,,,,,,,,,,,,,,,,,,,,
G7,C7,G7,C7,G7,E7,Amin7,D7,G7,E7,Amin7,D7,,,,,,,,,,,,,,,,,,,,,,,,,,,,,,,,,,,,
3-x-3-4-x-x,3-x-2-3-x-x,3-x-3-4-x-x,3-x-2-3-x-x,3-x-3-4-x-x,7-x-6-7-x-x,5-x-5-5-x-x,5-x-4-5-x-x,3-x-3-4-x-x,7-x-6-7-x-x,5-x-5-5-x-x,5-x-4-5-x-x,,,,,,,,,,,,,,,,,,,,,,,,,,,,,,,,,,,,
Twelve For Three_copy,,,,,,,,,,,,,,,,,,,,,,,,,,,,,,,,,,,,,,,,,,,,,,,
G#7,C#7,G#7,C#7,G#7,F7,A#min7,D#7,G#7,F7,A#min7,D#7,,,,,,,,,,,,,,,,,,,,,,,,,,,,,,,,,,,,
4-x-4-5-x-x,4-x-3-4-x-x,4-x-4-5-x-x,4-x-3-4-x-x,4-x-4-5-x-x,8-x-7-8-x-x,6-x-6-6-x-x,6-x-5-6-x-x,4-x-4-5-x-x,8-x-7-8-x-x,6-x-6-6-x-x,6-x-5-6-x-x,,,,,,,,,,,,,,,,,,,,,,,,,,,,,,,,,,,,
Twelve For Three_copy,,,,,,,,,,,,,,,,,,,,,,,,,,,,,,,,,,,,,,,,,,,,,,,
A7,D7,A7,D7,A7,F#7,Bmin7,E7,A7,F#7,Bmin7,E7,,,,,,,,,,,,,,,,,,,,,,,,,,,,,,,,,,,,
5-x-5-6-x-x,5-x-4-5-x-x,5-x-5-6-x-x,5-x-4-5-x-x,5-x-5-6-x-x,9-x-8-9-x-x,7-x-7-7-x-x,7-x-6-7-x-x,5-x-5-6-x-x,9-x-8-9-x-x,7-x-7-7-x-x,7-x-6-7-x-x,,,,,,,,,,,,,,,,,,,,,,,,,,,,,,,,,,,,
Twelve For Three_copy,,,,,,,,,,,,,,,,,,,,,,,,,,,,,,,,,,,,,,,,,,,,,,,
A#7,D#7,A#7,D#7,A#7,G7,Cmin7,F7,A#7,G7,Cmin7,F7,,,,,,,,,,,,,,,,,,,,,,,,,,,,,,,,,,,,
6-x-6-7-x-x,6-x-5-6-x-x,6-x-6-7-x-x,6-x-5-6-x-x,6-x-6-7-x-x,10-x-9-10-x-x,8-x-8-8-x-x,8-x-7-8-x-x,6-x-6-7-x-x,10-x-9-10-x-x,8-x-8-8-x-x,8-x-7-8-x-x,,,,,,,,,,,,,,,,,,,,,,,,,,,,,,,,,,,,
Twelve For Three_copy,,,,,,,,,,,,,,,,,,,,,,,,,,,,,,,,,,,,,,,,,,,,,,,
B7,E7,B7,E7,B7,G#7,C#min7,F#7,B7,G#7,C#min7,F#7,,,,,,,,,,,,,,,,,,,,,,,,,,,,,,,,,,,,
7-x-7-8-x-x,7-x-6-7-x-x,7-x-7-8-x-x,7-x-6-7-x-x,7-x-7-8-x-x,11-x-10-11-x-x,9-x-9-9-x-x,9-x-8-9-x-x,7-x-7-8-x-x,11-x-10-11-x-x,9-x-9-9-x-x,9-x-8-9-x-x,,,,,,,,,,,,,,,,,,,,,,,,,,,,,,,,,,,,
Twelve For Three_copy,,,,,,,,,,,,,,,,,,,,,,,,,,,,,,,,,,,,,,,,,,,,,,,
C7,F7,C7,F7,C7,A7,Dmin7,G7,C7,A7,Dmin7,G7,,,,,,,,,,,,,,,,,,,,,,,,,,,,,,,,,,,,
8-x-8-9-x-x,8-x-7-8-x-x,8-x-8-9-x-x,8-x-7-8-x-x,8-x-8-9-x-x,12-x-11-12-x-x,10-x-10-10-x-x,10-x-9-10-x-x,8-x-8-9-x-x,12-x-11-12-x-x,10-x-10-10-x-x,10-x-9-10-x-x,,,,,,,,,,,,,,,,,,,,,,,,,,,,,,,,,,,,
Twelve For Three_copy,,,,,,,,,,,,,,,,,,,,,,,,,,,,,,,,,,,,,,,,,,,,,,,
C#7,F#7,C#7,F#7,C#7,A#7,D#min7,G#7,C#7,A#7,D#min7,G#7,,,,,,,,,,,,,,,,,,,,,,,,,,,,,,,,,,,,
9-x-9-10-x-x,9-x-8-9-x-x,9-x-9-10-x-x,9-x-8-9-x-x,9-x-9-10-x-x,13-x-12-13-x-x,11-x-11-11-x-x,11-x-10-11-x-x,9-x-9-10-x-x,13-x-12-13-x-x,11-x-11-11-x-x,11-x-10-11-x-x,,,,,,,,,,,,,,,,,,,,,,,,,,,,,,,,,,,,
Twelve For Three_copy,,,,,,,,,,,,,,,,,,,,,,,,,,,,,,,,,,,,,,,,,,,,,,,
D7,G7,D7,G7,D7,B7,Emin7,A7,D7,B7,Emin7,A7,,,,,,,,,,,,,,,,,,,,,,,,,,,,,,,,,,,,
10-x-10-11-x-x,10-x-9-10-x-x,10-x-10-11-x-x,10-x-9-10-x-x,10-x-10-11-x-x,14-x-13-14-x-x,12-x-12-12-x-x,12-x-11-12-x-x,10-x-10-11-x-x,14-x-13-14-x-x,12-x-12-12-x-x,12-x-11-12-x-x,,,,,,,,,,,,,,,,,,,,,,,,,,,,,,,,,,,,
Twelve For Three_copy,,,,,,,,,,,,,,,,,,,,,,,,,,,,,,,,,,,,,,,,,,,,,,,
D#7,G#7,D#7,G#7,D#7,C7,Fmin7,A#7,D#7,C7,Fmin7,A#7,,,,,,,,,,,,,,,,,,,,,,,,,,,,,,,,,,,,
11-x-11-12-x-x,11-x-10-11-x-x,11-x-11-12-x-x,11-x-10-11-x-x,11-x-11-12-x-x,15-x-14-15-x-x,13-x-13-13-x-x,13-x-12-13-x-x,11-x-11-12-x-x,15-x-14-15-x-x,13-x-13-13-x-x,13-x-12-13-x-x,,,,,,,,,,,,,,,,,,,,,,,,,,,,,,,,,,,,
Twelve For Three_copy,,,,,,,,,,,,,,,,,,,,,,,,,,,,,,,,,,,,,,,,,,,,,,,
E7,A7,E7,A7,E7,C#7,F#min7,B7,E7,C#7,F#min7,B7,,,,,,,,,,,,,,,,,,,,,,,,,,,,,,,,,,,,
12-x-12-13-x-x,12-x-11-12-x-x,12-x-12-13-x-x,12-x-11-12-x-x,12-x-12-13-x-x,16-x-15-16-x-x,14-x-14-14-x-x,14-x-13-14-x-x,12-x-12-13-x-x,16-x-15-16-x-x,14-x-14-14-x-x,14-x-13-14-x-x,,,,,,,,,,,,,,,,,,,,,,,,,,,,,,,,,,,,
Twelve For Three_copy,,,,,,,,,,,,,,,,,,,,,,,,,,,,,,,,,,,,,,,,,,,,,,,
F7,A#7,F7,A#7,F7,D7,Gmin7,C7,F7,D7,Gmin7,C7,,,,,,,,,,,,,,,,,,,,,,,,,,,,,,,,,,,,
13-x-13-14-x-x,13-x-12-13-x-x,13-x-13-14-x-x,13-x-12-13-x-x,13-x-13-14-x-x,17-x-16-17-x-x,15-x-15-15-x-x,15-x-14-15-x-x,13-x-13-14-x-x,17-x-16-17-x-x,15-x-15-15-x-x,15-x-14-15-x-x,,,,,,,,,,,,,,,,,,,,,,,,,,,,,,,,,,,,
Twelve For Three_copy,,,,,,,,,,,,,,,,,,,,,,,,,,,,,,,,,,,,,,,,,,,,,,,
F#7,B7,F#7,B7,F#7,D#7,G#min7,C#7,F#7,D#7,G#min7,C#7,,,,,,,,,,,,,,,,,,,,,,,,,,,,,,,,,,,,
14-x-14-15-x-x,14-x-13-14-x-x,14-x-14-15-x-x,14-x-13-14-x-x,14-x-14-15-x-x,18-x-17-18-x-x,16-x-16-16-x-x,16-x-15-16-x-x,14-x-14-15-x-x,18-x-17-18-x-x,16-x-16-16-x-x,16-x-15-16-x-x,,,,,,,,,,,,,,,,,,,,,,,,,,,,,,,,,,,,
Blues Basis,,,,,,,,,,,,,,,,,,,,,,,,,,,,,,,,,,,,,,,,,,,,,,,
A#7,D#7,A#7,D#7,A#7,G7,Cmin7,F7,A#7,G7,Cmin7,F7,,,,,,,,,,,,,,,,,,,,,,,,,,,,,,,,,,,,
6-x-6-7-x-x,6-x-5-6-x-x,6-x-6-7-x-x,6-x-5-6-x-x,6-x-6-7-x-x,3-x-3-4-x-x,3-x-1-3-x-x,1-x-1-2-x-x,6-x-6-7-x-x,3-x-3-4-x-x,3-x-1-3-x-x,1-x-1-2-x-x,,,,,,,,,,,,,,,,,,,,,,,,,,,,,,,,,,,,
Blues Basis_copy,,,,,,,,,,,,,,,,,,,,,,,,,,,,,,,,,,,,,,,,,,,,,,,
A#7,D#7,A#7,D#7,A#7,G7,Cmin7,F7,A#7,G7,Cmin7,F7,,,,,,,,,,,,,,,,,,,,,,,,,,,,,,,,,,,,
6-x-6-7-x-x,6-x-5-6-x-x,6-x-6-7-x-x,6-x-5-6-x-x,6-x-6-7-x-x,3-x-3-4-x-x,3-x-1-3-x-x,1-x-1-2-x-x,6-x-6-7-x-x,3-x-3-4-x-x,3-x-1-3-x-x,1-x-1-2-x-x,,,,,,,,,,,,,,,,,,,,,,,,,,,,,,,,,,,,
Blues Basis_copy,,,,,,,,,,,,,,,,,,,,,,,,,,,,,,,,,,,,,,,,,,,,,,,
B7,E7,B7,E7,B7,G#7,C#min7,F#7,B7,G#7,C#min7,F#7,,,,,,,,,,,,,,,,,,,,,,,,,,,,,,,,,,,,
7-x-7-8-x-x,7-x-6-7-x-x,7-x-7-8-x-x,7-x-6-7-x-x,7-x-7-8-x-x,4-x-4-5-x-x,4-x-2-4-x-x,2-x-2-3-x-x,7-x-7-8-x-x,4-x-4-5-x-x,4-x-2-4-x-x,2-x-2-3-x-x,,,,,,,,,,,,,,,,,,,,,,,,,,,,,,,,,,,,
Blues Basis_copy,,,,,,,,,,,,,,,,,,,,,,,,,,,,,,,,,,,,,,,,,,,,,,,
C7,F7,C7,F7,C7,A7,Dmin7,G7,C7,A7,Dmin7,G7,,,,,,,,,,,,,,,,,,,,,,,,,,,,,,,,,,,,
8-x-8-9-x-x,8-x-7-8-x-x,8-x-8-9-x-x,8-x-7-8-x-x,8-x-8-9-x-x,5-x-5-6-x-x,5-x-3-5-x-x,3-x-3-4-x-x,8-x-8-9-x-x,5-x-5-6-x-x,5-x-3-5-x-x,3-x-3-4-x-x,,,,,,,,,,,,,,,,,,,,,,,,,,,,,,,,,,,,
Blues Basis_copy,,,,,,,,,,,,,,,,,,,,,,,,,,,,,,,,,,,,,,,,,,,,,,,
C#7,F#7,C#7,F#7,C#7,A#7,D#min7,G#7,C#7,A#7,D#min7,G#7,,,,,,,,,,,,,,,,,,,,,,,,,,,,,,,,,,,,
9-x-9-10-x-x,9-x-8-9-x-x,9-x-9-10-x-x,9-x-8-9-x-x,9-x-9-10-x-x,6-x-6-7-x-x,6-x-4-6-x-x,4-x-4-5-x-x,9-x-9-10-x-x,6-x-6-7-x-x,6-x-4-6-x-x,4-x-4-5-x-x,,,,,,,,,,,,,,,,,,,,,,,,,,,,,,,,,,,,
Blues Basis_copy,,,,,,,,,,,,,,,,,,,,,,,,,,,,,,,,,,,,,,,,,,,,,,,
D7,G7,D7,G7,D7,B7,Emin7,A7,D7,B7,Emin7,A7,,,,,,,,,,,,,,,,,,,,,,,,,,,,,,,,,,,,
10-x-10-11-x-x,10-x-9-10-x-x,10-x-10-11-x-x,10-x-9-10-x-x,10-x-10-11-x-x,7-x-7-8-x-x,7-x-5-7-x-x,5-x-5-6-x-x,10-x-10-11-x-x,7-x-7-8-x-x,7-x-5-7-x-x,5-x-5-6-x-x,,,,,,,,,,,,,,,,,,,,,,,,,,,,,,,,,,,,
Blues Basis_copy,,,,,,,,,,,,,,,,,,,,,,,,,,,,,,,,,,,,,,,,,,,,,,,
D#7,G#7,D#7,G#7,D#7,C7,Fmin7,A#7,D#7,C7,Fmin7,A#7,,,,,,,,,,,,,,,,,,,,,,,,,,,,,,,,,,,,
11-x-11-12-x-x,11-x-10-11-x-x,11-x-11-12-x-x,11-x-10-11-x-x,11-x-11-12-x-x,8-x-8-9-x-x,8-x-6-8-x-x,6-x-6-7-x-x,11-x-11-12-x-x,8-x-8-9-x-x,8-x-6-8-x-x,6-x-6-7-x-x,,,,,,,,,,,,,,,,,,,,,,,,,,,,,,,,,,,,
Blues Basis_copy,,,,,,,,,,,,,,,,,,,,,,,,,,,,,,,,,,,,,,,,,,,,,,,
E7,A7,E7,A7,E7,C#7,F#min7,B7,E7,C#7,F#min7,B7,,,,,,,,,,,,,,,,,,,,,,,,,,,,,,,,,,,,
12-x-12-13-x-x,12-x-11-12-x-x,12-x-12-13-x-x,12-x-11-12-x-x,12-x-12-13-x-x,9-x-9-10-x-x,9-x-7-9-x-x,7-x-7-8-x-x,12-x-12-13-x-x,9-x-9-10-x-x,9-x-7-9-x-x,7-x-7-8-x-x,,,,,,,,,,,,,,,,,,,,,,,,,,,,,,,,,,,,
Blues Basis_copy,,,,,,,,,,,,,,,,,,,,,,,,,,,,,,,,,,,,,,,,,,,,,,,
F7,A#7,F7,A#7,F7,D7,Gmin7,C7,F7,D7,Gmin7,C7,,,,,,,,,,,,,,,,,,,,,,,,,,,,,,,,,,,,
13-x-13-14-x-x,13-x-12-13-x-x,13-x-13-14-x-x,13-x-12-13-x-x,13-x-13-14-x-x,10-x-10-11-x-x,10-x-8-10-x-x,8-x-8-9-x-x,13-x-13-14-x-x,10-x-10-11-x-x,10-x-8-10-x-x,8-x-8-9-x-x,,,,,,,,,,,,,,,,,,,,,,,,,,,,,,,,,,,,
Blues Basis_copy,,,,,,,,,,,,,,,,,,,,,,,,,,,,,,,,,,,,,,,,,,,,,,,
F#7,B7,F#7,B7,F#7,D#7,G#min7,C#7,F#7,D#7,G#min7,C#7,,,,,,,,,,,,,,,,,,,,,,,,,,,,,,,,,,,,
14-x-14-15-x-x,14-x-13-14-x-x,14-x-14-15-x-x,14-x-13-14-x-x,14-x-14-15-x-x,11-x-11-12-x-x,11-x-9-11-x-x,9-x-9-10-x-x,14-x-14-15-x-x,11-x-11-12-x-x,11-x-9-11-x-x,9-x-9-10-x-x,,,,,,,,,,,,,,,,,,,,,,,,,,,,,,,,,,,,
Blues Basis_copy,,,,,,,,,,,,,,,,,,,,,,,,,,,,,,,,,,,,,,,,,,,,,,,
G7,C7,G7,C7,G7,E7,Amin7,D7,G7,E7,Amin7,D7,,,,,,,,,,,,,,,,,,,,,,,,,,,,,,,,,,,,
15-x-15-16-x-x,15-x-14-15-x-x,15-x-15-16-x-x,15-x-14-15-x-x,15-x-15-16-x-x,12-x-12-13-x-x,12-x-10-12-x-x,10-x-10-11-x-x,15-x-15-16-x-x,12-x-12-13-x-x,12-x-10-12-x-x,10-x-10-11-x-x,,,,,,,,,,,,,,,,,,,,,,,,,,,,,,,,,,,,
Blues Basis_copy,,,,,,,,,,,,,,,,,,,,,,,,,,,,,,,,,,,,,,,,,,,,,,,
G#7,C#7,G#7,C#7,G#7,F7,A#min7,D#7,G#7,F7,A#min7,D#7,,,,,,,,,,,,,,,,,,,,,,,,,,,,,,,,,,,,
16-x-16-17-x-x,16-x-15-16-x-x,16-x-16-17-x-x,16-x-15-16-x-x,16-x-16-17-x-x,13-x-13-14-x-x,13-x-11-13-x-x,11-x-11-12-x-x,16-x-16-17-x-x,13-x-13-14-x-x,13-x-11-13-x-x,11-x-11-12-x-x,,,,,,,,,,,,,,,,,,,,,,,,,,,,,,,,,,,,
Blues Basis_copy,,,,,,,,,,,,,,,,,,,,,,,,,,,,,,,,,,,,,,,,,,,,,,,
A7,D7,A7,D7,A7,F#7,Bmin7,E7,A7,F#7,Bmin7,E7,,,,,,,,,,,,,,,,,,,,,,,,,,,,,,,,,,,,
17-x-17-18-x-x,17-x-16-17-x-x,17-x-17-18-x-x,17-x-16-17-x-x,17-x-17-18-x-x,14-x-14-15-x-x,14-x-12-14-x-x,12-x-12-13-x-x,17-x-17-18-x-x,14-x-14-15-x-x,14-x-12-14-x-x,12-x-12-13-x-x,,,,,,,,,,,,,,,,,,,,,,,,,,,,,,,,,,,,
Work Down Blues,,,,,,,,,,,,,,,,,,,,,,,,,,,,,,,,,,,,,,,,,,,,,,,
F7,A#7,F7,A#7,F7,D7,Gmin7,C7,F7,D7,Gmin7,C7,,,,,,,,,,,,,,,,,,,,,,,,,,,,,,,,,,,,
8-x-7-8-x-x,6-x-6-7-x-x,8-x-7-8-x-x,6-x-6-7-x-x,8-x-7-8-x-x,5-x-4-5-x-x,3-x-3-3-x-x,3-x-2-3-x-x,1-x-1-2-x-x,5-x-4-5-x-x,3-x-3-3-x-x,3-x-2-3-x-x,,,,,,,,,,,,,,,,,,,,,,,,,,,,,,,,,,,,
Work Down Blues_copy,,,,,,,,,,,,,,,,,,,,,,,,,,,,,,,,,,,,,,,,,,,,,,,
F7,A#7,F7,A#7,F7,D7,Gmin7,C7,F7,D7,Gmin7,C7,,,,,,,,,,,,,,,,,,,,,,,,,,,,,,,,,,,,
8-x-7-8-x-x,6-x-6-7-x-x,8-x-7-8-x-x,6-x-6-7-x-x,8-x-7-8-x-x,5-x-4-5-x-x,3-x-3-3-x-x,3-x-2-3-x-x,1-x-1-2-x-x,5-x-4-5-x-x,3-x-3-3-x-x,3-x-2-3-x-x,,,,,,,,,,,,,,,,,,,,,,,,,,,,,,,,,,,,
Work Down Blues_copy,,,,,,,,,,,,,,,,,,,,,,,,,,,,,,,,,,,,,,,,,,,,,,,
F#7,B7,F#7,B7,F#7,D#7,G#min7,C#7,F#7,D#7,G#min7,C#7,,,,,,,,,,,,,,,,,,,,,,,,,,,,,,,,,,,,
9-x-8-9-x-x,7-x-7-8-x-x,9-x-8-9-x-x,7-x-7-8-x-x,9-x-8-9-x-x,6-x-5-6-x-x,4-x-4-4-x-x,4-x-3-4-x-x,2-x-2-3-x-x,6-x-5-6-x-x,4-x-4-4-x-x,4-x-3-4-x-x,,,,,,,,,,,,,,,,,,,,,,,,,,,,,,,,,,,,
Work Down Blues_copy,,,,,,,,,,,,,,,,,,,,,,,,,,,,,,,,,,,,,,,,,,,,,,,
G7,C7,G7,C7,G7,E7,Amin7,D7,G7,E7,Amin7,D7,,,,,,,,,,,,,,,,,,,,,,,,,,,,,,,,,,,,
10-x-9-10-x-x,8-x-8-9-x-x,10-x-9-10-x-x,8-x-8-9-x-x,10-x-9-10-x-x,7-x-6-7-x-x,5-x-5-5-x-x,5-x-4-5-x-x,3-x-3-4-x-x,7-x-6-7-x-x,5-x-5-5-x-x,5-x-4-5-x-x,,,,,,,,,,,,,,,,,,,,,,,,,,,,,,,,,,,,
Work Down Blues_copy,,,,,,,,,,,,,,,,,,,,,,,,,,,,,,,,,,,,,,,,,,,,,,,
G#7,C#7,G#7,C#7,G#7,F7,A#min7,D#7,G#7,F7,A#min7,D#7,,,,,,,,,,,,,,,,,,,,,,,,,,,,,,,,,,,,
11-x-10-11-x-x,9-x-9-10-x-x,11-x-10-11-x-x,9-x-9-10-x-x,11-x-10-11-x-x,8-x-7-8-x-x,6-x-6-6-x-x,6-x-5-6-x-x,4-x-4-5-x-x,8-x-7-8-x-x,6-x-6-6-x-x,6-x-5-6-x-x,,,,,,,,,,,,,,,,,,,,,,,,,,,,,,,,,,,,
Work Down Blues_copy,,,,,,,,,,,,,,,,,,,,,,,,,,,,,,,,,,,,,,,,,,,,,,,
A7,D7,A7,D7,A7,F#7,Bmin7,E7,A7,F#7,Bmin7,E7,,,,,,,,,,,,,,,,,,,,,,,,,,,,,,,,,,,,
12-x-11-12-x-x,10-x-10-11-x-x,12-x-11-12-x-x,10-x-10-11-x-x,12-x-11-12-x-x,9-x-8-9-x-x,7-x-7-7-x-x,7-x-6-7-x-x,5-x-5-6-x-x,9-x-8-9-x-x,7-x-7-7-x-x,7-x-6-7-x-x,,,,,,,,,,,,,,,,,,,,,,,,,,,,,,,,,,,,
Work Down Blues_copy,,,,,,,,,,,,,,,,,,,,,,,,,,,,,,,,,,,,,,,,,,,,,,,
A#7,D#7,A#7,D#7,A#7,G7,Cmin7,F7,A#7,G7,Cmin7,F7,,,,,,,,,,,,,,,,,,,,,,,,,,,,,,,,,,,,
13-x-12-13-x-x,11-x-11-12-x-x,13-x-12-13-x-x,11-x-11-12-x-x,13-x-12-13-x-x,10-x-9-10-x-x,8-x-8-8-x-x,8-x-7-8-x-x,6-x-6-7-x-x,10-x-9-10-x-x,8-x-8-8-x-x,8-x-7-8-x-x,,,,,,,,,,,,,,,,,,,,,,,,,,,,,,,,,,,,
Work Down Blues_copy,,,,,,,,,,,,,,,,,,,,,,,,,,,,,,,,,,,,,,,,,,,,,,,
B7,E7,B7,E7,B7,G#7,C#min7,F#7,B7,G#7,C#min7,F#7,,,,,,,,,,,,,,,,,,,,,,,,,,,,,,,,,,,,
14-x-13-14-x-x,12-x-12-13-x-x,14-x-13-14-x-x,12-x-12-13-x-x,14-x-13-14-x-x,11-x-10-11-x-x,9-x-9-9-x-x,9-x-8-9-x-x,7-x-7-8-x-x,11-x-10-11-x-x,9-x-9-9-x-x,9-x-8-9-x-x,,,,,,,,,,,,,,,,,,,,,,,,,,,,,,,,,,,,
Work Down Blues_copy,,,,,,,,,,,,,,,,,,,,,,,,,,,,,,,,,,,,,,,,,,,,,,,
C7,F7,C7,F7,C7,A7,Dmin7,G7,C7,A7,Dmin7,G7,,,,,,,,,,,,,,,,,,,,,,,,,,,,,,,,,,,,
15-x-14-15-x-x,13-x-13-14-x-x,15-x-14-15-x-x,13-x-13-14-x-x,15-x-14-15-x-x,12-x-11-12-x-x,10-x-10-10-x-x,10-x-9-10-x-x,8-x-8-9-x-x,12-x-11-12-x-x,10-x-10-10-x-x,10-x-9-10-x-x,,,,,,,,,,,,,,,,,,,,,,,,,,,,,,,,,,,,
Work Down Blues_copy,,,,,,,,,,,,,,,,,,,,,,,,,,,,,,,,,,,,,,,,,,,,,,,
C#7,F#7,C#7,F#7,C#7,A#7,D#min7,G#7,C#7,A#7,D#min7,G#7,,,,,,,,,,,,,,,,,,,,,,,,,,,,,,,,,,,,
16-x-15-16-x-x,14-x-14-15-x-x,16-x-15-16-x-x,14-x-14-15-x-x,16-x-15-16-x-x,13-x-12-13-x-x,11-x-11-11-x-x,11-x-10-11-x-x,9-x-9-10-x-x,13-x-12-13-x-x,11-x-11-11-x-x,11-x-10-11-x-x,,,,,,,,,,,,,,,,,,,,,,,,,,,,,,,,,,,,
Work Down Blues_copy,,,,,,,,,,,,,,,,,,,,,,,,,,,,,,,,,,,,,,,,,,,,,,,
D7,G7,D7,G7,D7,B7,Emin7,A7,D7,B7,Emin7,A7,,,,,,,,,,,,,,,,,,,,,,,,,,,,,,,,,,,,
17-x-16-17-x-x,15-x-15-16-x-x,17-x-16-17-x-x,15-x-15-16-x-x,17-x-16-17-x-x,14-x-13-14-x-x,12-x-12-12-x-x,12-x-11-12-x-x,10-x-10-11-x-x,14-x-13-14-x-x,12-x-12-12-x-x,12-x-11-12-x-x,,,,,,,,,,,,,,,,,,,,,,,,,,,,,,,,,,,,
Route 2 Blues,,,,,,,,,,,,,,,,,,,,,,,,,,,,,,,,,,,,,,,,,,,,,,,
F7,A#7,F7,A#7,F7,D7,Gmin7,C7,F7,D7,Gmin7,C7,,,,,,,,,,,,,,,,,,,,,,,,,,,,,,,,,,,,
8-x-7-8-x-x,6-x-6-7-x-x,8-x-7-8-x-x,6-x-6-7-x-x,8-x-7-8-x-x,10-x-10-11-x-x,10-x-8-10-x-x,8-x-8-9-x-x,8-x-7-8-x-x,10-x-10-11-x-x,10-x-8-10-x-x,8-x-8-9-x-x,,,,,,,,,,,,,,,,,,,,,,,,,,,,,,,,,,,,
Route 2 Blues_copy,,,,,,,,,,,,,,,,,,,,,,,,,,,,,,,,,,,,,,,,,,,,,,,
C7,F7,C7,F7,C7,A7,Dmin7,G7,C7,A7,Dmin7,G7,,,,,,,,,,,,,,,,,,,,,,,,,,,,,,,,,,,,
3-x-2-3-x-x,1-x-1-2-x-x,3-x-2-3-x-x,1-x-1-2-x-x,3-x-2-3-x-x,5-x-5-6-x-x,5-x-3-5-x-x,3-x-3-4-x-x,3-x-2-3-x-x,5-x-5-6-x-x,5-x-3-5-x-x,3-x-3-4-x-x,,,,,,,,,,,,,,,,,,,,,,,,,,,,,,,,,,,,
Route 2 Blues_copy,,,,,,,,,,,,,,,,,,,,,,,,,,,,,,,,,,,,,,,,,,,,,,,
C#7,F#7,C#7,F#7,C#7,A#7,D#min7,G#7,C#7,A#7,D#min7,G#7,,,,,,,,,,,,,,,,,,,,,,,,,,,,,,,,,,,,
4-x-3-4-x-x,2-x-2-3-x-x,4-x-3-4-x-x,2-x-2-3-x-x,4-x-3-4-x-x,6-x-6-7-x-x,6-x-4-6-x-x,4-x-4-5-x-x,4-x-3-4-x-x,6-x-6-7-x-x,6-x-4-6-x-x,4-x-4-5-x-x,,,,,,,,,,,,,,,,,,,,,,,,,,,,,,,,,,,,
Route 2 Blues_copy,,,,,,,,,,,,,,,,,,,,,,,,,,,,,,,,,,,,,,,,,,,,,,,
D7,G7,D7,G7,D7,B7,Emin7,A7,D7,B7,Emin7,A7,,,,,,,,,,,,,,,,,,,,,,,,,,,,,,,,,,,,
5-x-4-5-x-x,3-x-3-4-x-x,5-x-4-5-x-x,3-x-3-4-x-x,5-x-4-5-x-x,7-x-7-8-x-x,7-x-5-7-x-x,5-x-5-6-x-x,5-x-4-5-x-x,7-x-7-8-x-x,7-x-5-7-x-x,5-x-5-6-x-x,,,,,,,,,,,,,,,,,,,,,,,,,,,,,,,,,,,,
Route 2 Blues_copy,,,,,,,,,,,,,,,,,,,,,,,,,,,,,,,,,,,,,,,,,,,,,,,
D#7,G#7,D#7,G#7,D#7,C7,Fmin7,A#7,D#7,C7,Fmin7,A#7,,,,,,,,,,,,,,,,,,,,,,,,,,,,,,,,,,,,
6-x-5-6-x-x,4-x-4-5-x-x,6-x-5-6-x-x,4-x-4-5-x-x,6-x-5-6-x-x,8-x-8-9-x-x,8-x-6-8-x-x,6-x-6-7-x-x,6-x-5-6-x-x,8-x-8-9-x-x,8-x-6-8-x-x,6-x-6-7-x-x,,,,,,,,,,,,,,,,,,,,,,,,,,,,,,,,,,,,
Route 2 Blues_copy,,,,,,,,,,,,,,,,,,,,,,,,,,,,,,,,,,,,,,,,,,,,,,,
E7,A7,E7,A7,E7,C#7,F#min7,B7,E7,C#7,F#min7,B7,,,,,,,,,,,,,,,,,,,,,,,,,,,,,,,,,,,,
7-x-6-7-x-x,5-x-5-6-x-x,7-x-6-7-x-x,5-x-5-6-x-x,7-x-6-7-x-x,9-x-9-10-x-x,9-x-7-9-x-x,7-x-7-8-x-x,7-x-6-7-x-x,9-x-9-10-x-x,9-x-7-9-x-x,7-x-7-8-x-x,,,,,,,,,,,,,,,,,,,,,,,,,,,,,,,,,,,,
Route 2 Blues_copy,,,,,,,,,,,,,,,,,,,,,,,,,,,,,,,,,,,,,,,,,,,,,,,
F7,A#7,F7,A#7,F7,D7,Gmin7,C7,F7,D7,Gmin7,C7,,,,,,,,,,,,,,,,,,,,,,,,,,,,,,,,,,,,
8-x-7-8-x-x,6-x-6-7-x-x,8-x-7-8-x-x,6-x-6-7-x-x,8-x-7-8-x-x,10-x-10-11-x-x,10-x-8-10-x-x,8-x-8-9-x-x,8-x-7-8-x-x,10-x-10-11-x-x,10-x-8-10-x-x,8-x-8-9-x-x,,,,,,,,,,,,,,,,,,,,,,,,,,,,,,,,,,,,
Route 2 Blues_copy,,,,,,,,,,,,,,,,,,,,,,,,,,,,,,,,,,,,,,,,,,,,,,,
F#7,B7,F#7,B7,F#7,D#7,G#min7,C#7,F#7,D#7,G#min7,C#7,,,,,,,,,,,,,,,,,,,,,,,,,,,,,,,,,,,,
9-x-8-9-x-x,7-x-7-8-x-x,9-x-8-9-x-x,7-x-7-8-x-x,9-x-8-9-x-x,11-x-11-12-x-x,11-x-9-11-x-x,9-x-9-10-x-x,9-x-8-9-x-x,11-x-11-12-x-x,11-x-9-11-x-x,9-x-9-10-x-x,,,,,,,,,,,,,,,,,,,,,,,,,,,,,,,,,,,,
Route 2 Blues_copy,,,,,,,,,,,,,,,,,,,,,,,,,,,,,,,,,,,,,,,,,,,,,,,
G7,C7,G7,C7,G7,E7,Amin7,D7,G7,E7,Amin7,D7,,,,,,,,,,,,,,,,,,,,,,,,,,,,,,,,,,,,
10-x-9-10-x-x,8-x-8-9-x-x,10-x-9-10-x-x,8-x-8-9-x-x,10-x-9-10-x-x,12-x-12-13-x-x,12-x-10-12-x-x,10-x-10-11-x-x,10-x-9-10-x-x,12-x-12-13-x-x,12-x-10-12-x-x,10-x-10-11-x-x,,,,,,,,,,,,,,,,,,,,,,,,,,,,,,,,,,,,
Route 2 Blues_copy,,,,,,,,,,,,,,,,,,,,,,,,,,,,,,,,,,,,,,,,,,,,,,,
G#7,C#7,G#7,C#7,G#7,F7,A#min7,D#7,G#7,F7,A#min7,D#7,,,,,,,,,,,,,,,,,,,,,,,,,,,,,,,,,,,,
11-x-10-11-x-x,9-x-9-10-x-x,11-x-10-11-x-x,9-x-9-10-x-x,11-x-10-11-x-x,13-x-13-14-x-x,13-x-11-13-x-x,11-x-11-12-x-x,11-x-10-11-x-x,13-x-13-14-x-x,13-x-11-13-x-x,11-x-11-12-x-x,,,,,,,,,,,,,,,,,,,,,,,,,,,,,,,,,,,,
Route 2 Blues_copy,,,,,,,,,,,,,,,,,,,,,,,,,,,,,,,,,,,,,,,,,,,,,,,
A7,D7,A7,D7,A7,F#7,Bmin7,E7,A7,F#7,Bmin7,E7,,,,,,,,,,,,,,,,,,,,,,,,,,,,,,,,,,,,
12-x-11-12-x-x,10-x-10-11-x-x,12-x-11-12-x-x,10-x-10-11-x-x,12-x-11-12-x-x,14-x-14-15-x-x,14-x-12-14-x-x,12-x-12-13-x-x,12-x-11-12-x-x,14-x-14-15-x-x,14-x-12-14-x-x,12-x-12-13-x-x,,,,,,,,,,,,,,,,,,,,,,,,,,,,,,,,,,,,
Route 2 Blues_copy,,,,,,,,,,,,,,,,,,,,,,,,,,,,,,,,,,,,,,,,,,,,,,,
A#7,D#7,A#7,D#7,A#7,G7,Cmin7,F7,A#7,G7,Cmin7,F7,,,,,,,,,,,,,,,,,,,,,,,,,,,,,,,,,,,,
13-x-12-13-x-x,11-x-11-12-x-x,13-x-12-13-x-x,11-x-11-12-x-x,13-x-12-13-x-x,15-x-15-16-x-x,15-x-13-15-x-x,13-x-13-14-x-x,13-x-12-13-x-x,15-x-15-16-x-x,15-x-13-15-x-x,13-x-13-14-x-x,,,,,,,,,,,,,,,,,,,,,,,,,,,,,,,,,,,,
Route 2 Blues_copy,,,,,,,,,,,,,,,,,,,,,,,,,,,,,,,,,,,,,,,,,,,,,,,
B7,E7,B7,E7,B7,G#7,C#min7,F#7,B7,G#7,C#min7,F#7,,,,,,,,,,,,,,,,,,,,,,,,,,,,,,,,,,,,
14-x-13-14-x-x,12-x-12-13-x-x,14-x-13-14-x-x,12-x-12-13-x-x,14-x-13-14-x-x,16-x-16-17-x-x,16-x-14-16-x-x,14-x-14-15-x-x,14-x-13-14-x-x,16-x-16-17-x-x,16-x-14-16-x-x,14-x-14-15-x-x,,,,,,,,,,,,,,,,,,,,,,,,,,,,,,,,,,,,
Route 2 Blues_copy,,,,,,,,,,,,,,,,,,,,,,,,,,,,,,,,,,,,,,,,,,,,,,,
C7,F7,C7,F7,C7,A7,Dmin7,G7,C7,A7,Dmin7,G7,,,,,,,,,,,,,,,,,,,,,,,,,,,,,,,,,,,,
15-x-14-15-x-x,13-x-13-14-x-x,15-x-14-15-x-x,13-x-13-14-x-x,15-x-14-15-x-x,17-x-17-18-x-x,17-x-15-17-x-x,15-x-15-16-x-x,15-x-14-15-x-x,17-x-17-18-x-x,17-x-15-17-x-x,15-x-15-16-x-x,,,,,,,,,,,,,,,,,,,,,,,,,,,,,,,,,,,,
Voice Leading 1,,,,,,,,,,,,,,,,,,,,,,,,,,,,,,,,,,,,,,,,,,,,,,,
Dmin7,G7,C,,,,,,,,,,,,,,,,,,,,,,,,,,,,,,,,,,,,,,,,,,,,,
5-x-3-5-x-x,3-x-3-4-x-x,3-x-2-5-x-x,,,,,,,,,,,,,,,,,,,,,,,,,,,,,,,,,,,,,,,,,,,,,
Voice Leading 1_copy,,,,,,,,,,,,,,,,,,,,,,,,,,,,,,,,,,,,,,,,,,,,,,,
C#min7,F#7,B,,,,,,,,,,,,,,,,,,,,,,,,,,,,,,,,,,,,,,,,,,,,,
4-x-2-4-x-x,2-x-2-3-x-x,2-x-1-4-x-x,,,,,,,,,,,,,,,,,,,,,,,,,,,,,,,,,,,,,,,,,,,,,
Voice Leading 1_copy,,,,,,,,,,,,,,,,,,,,,,,,,,,,,,,,,,,,,,,,,,,,,,,
Dmin7,G7,C,,,,,,,,,,,,,,,,,,,,,,,,,,,,,,,,,,,,,,,,,,,,,
5-x-3-5-x-x,3-x-3-4-x-x,3-x-2-5-x-x,,,,,,,,,,,,,,,,,,,,,,,,,,,,,,,,,,,,,,,,,,,,,
Voice Leading 1_copy,,,,,,,,,,,,,,,,,,,,,,,,,,,,,,,,,,,,,,,,,,,,,,,
D#min7,G#7,C#,,,,,,,,,,,,,,,,,,,,,,,,,,,,,,,,,,,,,,,,,,,,,
6-x-4-6-x-x,4-x-4-5-x-x,4-x-3-6-x-x,,,,,,,,,,,,,,,,,,,,,,,,,,,,,,,,,,,,,,,,,,,,,
Voice Leading 1_copy,,,,,,,,,,,,,,,,,,,,,,,,,,,,,,,,,,,,,,,,,,,,,,,
Emin7,A7,D,,,,,,,,,,,,,,,,,,,,,,,,,,,,,,,,,,,,,,,,,,,,,
7-x-5-7-x-x,5-x-5-6-x-x,5-x-4-7-x-x,,,,,,,,,,,,,,,,,,,,,,,,,,,,,,,,,,,,,,,,,,,,,
Voice Leading 1_copy,,,,,,,,,,,,,,,,,,,,,,,,,,,,,,,,,,,,,,,,,,,,,,,
Fmin7,A#7,D#,,,,,,,,,,,,,,,,,,,,,,,,,,,,,,,,,,,,,,,,,,,,,
8-x-6-8-x-x,6-x-6-7-x-x,6-x-5-8-x-x,,,,,,,,,,,,,,,,,,,,,,,,,,,,,,,,,,,,,,,,,,,,,
Voice Leading 1_copy,,,,,,,,,,,,,,,,,,,,,,,,,,,,,,,,,,,,,,,,,,,,,,,
F#min7,B7,E,,,,,,,,,,,,,,,,,,,,,,,,,,,,,,,,,,,,,,,,,,,,,
9-x-7-9-x-x,7-x-7-8-x-x,7-x-6-9-x-x,,,,,,,,,,,,,,,,,,,,,,,,,,,,,,,,,,,,,,,,,,,,,
Voice Leading 1_copy,,,,,,,,,,,,,,,,,,,,,,,,,,,,,,,,,,,,,,,,,,,,,,,
Gmin7,C7,F,,,,,,,,,,,,,,,,,,,,,,,,,,,,,,,,,,,,,,,,,,,,,
10-x-8-10-x-x,8-x-8-9-x-x,8-x-7-10-x-x,,,,,,,,,,,,,,,,,,,,,,,,,,,,,,,,,,,,,,,,,,,,,
Voice Leading 1_copy,,,,,,,,,,,,,,,,,,,,,,,,,,,,,,,,,,,,,,,,,,,,,,,
G#min7,C#7,F#,,,,,,,,,,,,,,,,,,,,,,,,,,,,,,,,,,,,,,,,,,,,,
11-x-9-11-x-x,9-x-9-10-x-x,9-x-8-11-x-x,,,,,,,,,,,,,,,,,,,,,,,,,,,,,,,,,,,,,,,,,,,,,
Voice Leading 1_copy,,,,,,,,,,,,,,,,,,,,,,,,,,,,,,,,,,,,,,,,,,,,,,,
Amin7,D7,G,,,,,,,,,,,,,,,,,,,,,,,,,,,,,,,,,,,,,,,,,,,,,
12-x-10-12-x-x,10-x-10-11-x-x,10-x-9-12-x-x,,,,,,,,,,,,,,,,,,,,,,,,,,,,,,,,,,,,,,,,,,,,,
Voice Leading 1_copy,,,,,,,,,,,,,,,,,,,,,,,,,,,,,,,,,,,,,,,,,,,,,,,
A#min7,D#7,G#,,,,,,,,,,,,,,,,,,,,,,,,,,,,,,,,,,,,,,,,,,,,,
13-x-11-13-x-x,11-x-11-12-x-x,11-x-10-13-x-x,,,,,,,,,,,,,,,,,,,,,,,,,,,,,,,,,,,,,,,,,,,,,
Voice Leading 1_copy,,,,,,,,,,,,,,,,,,,,,,,,,,,,,,,,,,,,,,,,,,,,,,,
Bmin7,E7,A,,,,,,,,,,,,,,,,,,,,,,,,,,,,,,,,,,,,,,,,,,,,,
14-x-12-14-x-x,12-x-12-13-x-x,12-x-11-14-x-x,,,,,,,,,,,,,,,,,,,,,,,,,,,,,,,,,,,,,,,,,,,,,
Voice Leading 1_copy,,,,,,,,,,,,,,,,,,,,,,,,,,,,,,,,,,,,,,,,,,,,,,,
Cmin7,F7,A#,,,,,,,,,,,,,,,,,,,,,,,,,,,,,,,,,,,,,,,,,,,,,
15-x-13-15-x-x,13-x-13-14-x-x,13-x-12-15-x-x,,,,,,,,,,,,,,,,,,,,,,,,,,,,,,,,,,,,,,,,,,,,,
Voice Leading 1_copy,,,,,,,,,,,,,,,,,,,,,,,,,,,,,,,,,,,,,,,,,,,,,,,
C#min7,F#7,B,,,,,,,,,,,,,,,,,,,,,,,,,,,,,,,,,,,,,,,,,,,,,
16-x-14-16-x-x,14-x-14-15-x-x,14-x-13-16-x-x,,,,,,,,,,,,,,,,,,,,,,,,,,,,,,,,,,,,,,,,,,,,,
Voice Leading 1_copy,,,,,,,,,,,,,,,,,,,,,,,,,,,,,,,,,,,,,,,,,,,,,,,
Dmin7,G7,C,,,,,,,,,,,,,,,,,,,,,,,,,,,,,,,,,,,,,,,,,,,,,
17-x-15-17-x-x,15-x-15-16-x-x,15-x-14-17-x-x,,,,,,,,,,,,,,,,,,,,,,,,,,,,,,,,,,,,,,,,,,,,,
Voice Leading 2,,,,,,,,,,,,,,,,,,,,,,,,,,,,,,,,,,,,,,,,,,,,,,,
C,C#dim7,G,,,,,,,,,,,,,,,,,,,,,,,,,,,,,,,,,,,,,,,,,,,,,
3-x-2-5-x-x,6-x-5-6-x-x,7-x-5-7-x-x,,,,,,,,,,,,,,,,,,,,,,,,,,,,,,,,,,,,,,,,,,,,,
Voice Leading 2_copy,,,,,,,,,,,,,,,,,,,,,,,,,,,,,,,,,,,,,,,,,,,,,,,
B,Cdim7,F#,,,,,,,,,,,,,,,,,,,,,,,,,,,,,,,,,,,,,,,,,,,,,
2-x-1-4-x-x,5-x-4-5-x-x,6-x-4-6-x-x,,,,,,,,,,,,,,,,,,,,,,,,,,,,,,,,,,,,,,,,,,,,,
Voice Leading 2_copy,,,,,,,,,,,,,,,,,,,,,,,,,,,,,,,,,,,,,,,,,,,,,,,
C,C#dim7,G,,,,,,,,,,,,,,,,,,,,,,,,,,,,,,,,,,,,,,,,,,,,,
3-x-2-5-x-x,6-x-5-6-x-x,7-x-5-7-x-x,,,,,,,,,,,,,,,,,,,,,,,,,,,,,,,,,,,,,,,,,,,,,
Voice Leading 2_copy,,,,,,,,,,,,,,,,,,,,,,,,,,,,,,,,,,,,,,,,,,,,,,,
C#,Ddim7,G#,,,,,,,,,,,,,,,,,,,,,,,,,,,,,,,,,,,,,,,,,,,,,
4-x-3-6-x-x,7-x-6-7-x-x,8-x-6-8-x-x,,,,,,,,,,,,,,,,,,,,,,,,,,,,,,,,,,,,,,,,,,,,,
Voice Leading 2_copy,,,,,,,,,,,,,,,,,,,,,,,,,,,,,,,,,,,,,,,,,,,,,,,
D,D#dim7,A,,,,,,,,,,,,,,,,,,,,,,,,,,,,,,,,,,,,,,,,,,,,,
5-x-4-7-x-x,8-x-7-8-x-x,9-x-7-9-x-x,,,,,,,,,,,,,,,,,,,,,,,,,,,,,,,,,,,,,,,,,,,,,
Voice Leading 2_copy,,,,,,,,,,,,,,,,,,,,,,,,,,,,,,,,,,,,,,,,,,,,,,,
D#,Edim7,A#,,,,,,,,,,,,,,,,,,,,,,,,,,,,,,,,,,,,,,,,,,,,,
6-x-5-8-x-x,9-x-8-9-x-x,10-x-8-10-x-x,,,,,,,,,,,,,,,,,,,,,,,,,,,,,,,,,,,,,,,,,,,,,
Voice Leading 2_copy,,,,,,,,,,,,,,,,,,,,,,,,,,,,,,,,,,,,,,,,,,,,,,,
E,Fdim7,B,,,,,,,,,,,,,,,,,,,,,,,,,,,,,,,,,,,,,,,,,,,,,
7-x-6-9-x-x,10-x-9-10-x-x,11-x-9-11-x-x,,,,,,,,,,,,,,,,,,,,,,,,,,,,,,,,,,,,,,,,,,,,,
Voice Leading 2_copy,,,,,,,,,,,,,,,,,,,,,,,,,,,,,,,,,,,,,,,,,,,,,,,
F,F#dim7,C,,,,,,,,,,,,,,,,,,,,,,,,,,,,,,,,,,,,,,,,,,,,,
8-x-7-10-x-x,11-x-10-11-x-x,12-x-10-12-x-x,,,,,,,,,,,,,,,,,,,,,,,,,,,,,,,,,,,,,,,,,,,,,
Voice Leading 2_copy,,,,,,,,,,,,,,,,,,,,,,,,,,,,,,,,,,,,,,,,,,,,,,,
F#,Gdim7,C#,,,,,,,,,,,,,,,,,,,,,,,,,,,,,,,,,,,,,,,,,,,,,
9-x-8-11-x-x,12-x-11-12-x-x,13-x-11-13-x-x,,,,,,,,,,,,,,,,,,,,,,,,,,,,,,,,,,,,,,,,,,,,,
Voice Leading 2_copy,,,,,,,,,,,,,,,,,,,,,,,,,,,,,,,,,,,,,,,,,,,,,,,
G,G#dim7,D,,,,,,,,,,,,,,,,,,,,,,,,,,,,,,,,,,,,,,,,,,,,,
10-x-9-12-x-x,13-x-12-13-x-x,14-x-12-14-x-x,,,,,,,,,,,,,,,,,,,,,,,,,,,,,,,,,,,,,,,,,,,,,
Voice Leading 2_copy,,,,,,,,,,,,,,,,,,,,,,,,,,,,,,,,,,,,,,,,,,,,,,,
G#,Adim7,D#,,,,,,,,,,,,,,,,,,,,,,,,,,,,,,,,,,,,,,,,,,,,,
11-x-10-13-x-x,14-x-13-14-x-x,15-x-13-15-x-x,,,,,,,,,,,,,,,,,,,,,,,,,,,,,,,,,,,,,,,,,,,,,
Voice Leading 2_copy,,,,,,,,,,,,,,,,,,,,,,,,,,,,,,,,,,,,,,,,,,,,,,,
A,A#dim7,E,,,,,,,,,,,,,,,,,,,,,,,,,,,,,,,,,,,,,,,,,,,,,
12-x-11-14-x-x,15-x-14-15-x-x,16-x-14-16-x-x,,,,,,,,,,,,,,,,,,,,,,,,,,,,,,,,,,,,,,,,,,,,,
Voice Leading 2_copy,,,,,,,,,,,,,,,,,,,,,,,,,,,,,,,,,,,,,,,,,,,,,,,
A#,Bdim7,F,,,,,,,,,,,,,,,,,,,,,,,,,,,,,,,,,,,,,,,,,,,,,
13-x-12-15-x-x,16-x-15-16-x-x,17-x-15-17-x-x,,,,,,,,,,,,,,,,,,,,,,,,,,,,,,,,,,,,,,,,,,,,,
Voice Leading 2_copy,,,,,,,,,,,,,,,,,,,,,,,,,,,,,,,,,,,,,,,,,,,,,,,
B,Cdim7,F#,,,,,,,,,,,,,,,,,,,,,,,,,,,,,,,,,,,,,,,,,,,,,
14-x-13-16-x-x,17-x-16-17-x-x,18-x-16-18-x-x,,,,,,,,,,,,,,,,,,,,,,,,,,,,,,,,,,,,,,,,,,,,,
Half-Step Blues,,,,,,,,,,,,,,,,,,,,,,,,,,,,,,,,,,,,,,,,,,,,,,,
A#7,E7,D#7,A7,A#7,B7,A#7,B7,A#7,E7,D#7,D7,D#7,A7,A#7,A7,G#7,G7,Cmin7,E7,F7,B7,A#7,G7,Cmin7,F7,,,,,,,,,,,,,,,,,,,,,,
6-x-6-7-x-x,7-x-6-7-x-x,6-x-5-6-x-x,5-x-5-6-x-x,6-x-6-7-x-x,7-x-7-8-x-x,6-x-6-7-x-x,7-x-7-8-x-x,6-x-6-7-x-x,7-x-6-7-x-x,6-x-5-6-x-x,5-x-4-5-x-x,6-x-5-6-x-x,5-x-5-6-x-x,6-x-6-7-x-x,5-x-5-6-x-x,4-x-4-5-x-x,3-x-3-4-x-x,3-x-1-3-x-x,7-x-6-7-x-x,8-x-7-8-x-x,7-x-7-8-x-x,6-x-6-7-x-x,10-x-9-10-x-x,8-x-8-8-x-x,8-x-7-8-x-x,,,,,,,,,,,,,,,,,,,,,,
Half-Step Blues_copy,,,,,,,,,,,,,,,,,,,,,,,,,,,,,,,,,,,,,,,,,,,,,,,
A#7,E7,D#7,A7,A#7,B7,A#7,B7,A#7,E7,D#7,D7,D#7,A7,A#7,A7,G#7,G7,Cmin7,E7,F7,B7,A#7,G7,Cmin7,F7,,,,,,,,,,,,,,,,,,,,,,
6-x-6-7-x-x,7-x-6-7-x-x,6-x-5-6-x-x,5-x-5-6-x-x,6-x-6-7-x-x,7-x-7-8-x-x,6-x-6-7-x-x,7-x-7-8-x-x,6-x-6-7-x-x,7-x-6-7-x-x,6-x-5-6-x-x,5-x-4-5-x-x,6-x-5-6-x-x,5-x-5-6-x-x,6-x-6-7-x-x,5-x-5-6-x-x,4-x-4-5-x-x,3-x-3-4-x-x,3-x-1-3-x-x,7-x-6-7-x-x,8-x-7-8-x-x,7-x-7-8-x-x,6-x-6-7-x-x,10-x-9-10-x-x,8-x-8-8-x-x,8-x-7-8-x-x,,,,,,,,,,,,,,,,,,,,,,
Half-Step Blues_copy,,,,,,,,,,,,,,,,,,,,,,,,,,,,,,,,,,,,,,,,,,,,,,,
B7,F7,E7,A#7,B7,C7,B7,C7,B7,F7,E7,D#7,E7,A#7,B7,A#7,A7,G#7,C#min7,F7,F#7,C7,B7,G#7,C#min7,F#7,,,,,,,,,,,,,,,,,,,,,,
7-x-7-8-x-x,8-x-7-8-x-x,7-x-6-7-x-x,6-x-6-7-x-x,7-x-7-8-x-x,8-x-8-9-x-x,7-x-7-8-x-x,8-x-8-9-x-x,7-x-7-8-x-x,8-x-7-8-x-x,7-x-6-7-x-x,6-x-5-6-x-x,7-x-6-7-x-x,6-x-6-7-x-x,7-x-7-8-x-x,6-x-6-7-x-x,5-x-5-6-x-x,4-x-4-5-x-x,4-x-2-4-x-x,8-x-7-8-x-x,9-x-8-9-x-x,8-x-8-9-x-x,7-x-7-8-x-x,11-x-10-11-x-x,9-x-9-9-x-x,9-x-8-9-x-x,,,,,,,,,,,,,,,,,,,,,,
Half-Step Blues_copy,,,,,,,,,,,,,,,,,,,,,,,,,,,,,,,,,,,,,,,,,,,,,,,
C7,F#7,F7,B7,C7,C#7,C7,C#7,C7,F#7,F7,E7,F7,B7,C7,B7,A#7,A7,Dmin7,F#7,G7,C#7,C7,A7,Dmin7,G7,,,,,,,,,,,,,,,,,,,,,,
8-x-8-9-x-x,9-x-8-9-x-x,8-x-7-8-x-x,7-x-7-8-x-x,8-x-8-9-x-x,9-x-9-10-x-x,8-x-8-9-x-x,9-x-9-10-x-x,8-x-8-9-x-x,9-x-8-9-x-x,8-x-7-8-x-x,7-x-6-7-x-x,8-x-7-8-x-x,7-x-7-8-x-x,8-x-8-9-x-x,7-x-7-8-x-x,6-x-6-7-x-x,5-x-5-6-x-x,5-x-3-5-x-x,9-x-8-9-x-x,10-x-9-10-x-x,9-x-9-10-x-x,8-x-8-9-x-x,12-x-11-12-x-x,10-x-10-10-x-x,10-x-9-10-x-x,,,,,,,,,,,,,,,,,,,,,,
Half-Step Blues_copy,,,,,,,,,,,,,,,,,,,,,,,,,,,,,,,,,,,,,,,,,,,,,,,
C#7,G7,F#7,C7,C#7,D7,C#7,D7,C#7,G7,F#7,F7,F#7,C7,C#7,C7,B7,A#7,D#min7,G7,G#7,D7,C#7,A#7,D#min7,G#7,,,,,,,,,,,,,,,,,,,,,,
9-x-9-10-x-x,10-x-9-10-x-x,9-x-8-9-x-x,8-x-8-9-x-x,9-x-9-10-x-x,10-x-10-11-x-x,9-x-9-10-x-x,10-x-10-11-x-x,9-x-9-10-x-x,10-x-9-10-x-x,9-x-8-9-x-x,8-x-7-8-x-x,9-x-8-9-x-x,8-x-8-9-x-x,9-x-9-10-x-x,8-x-8-9-x-x,7-x-7-8-x-x,6-x-6-7-x-x,6-x-4-6-x-x,10-x-9-10-x-x,11-x-10-11-x-x,10-x-10-11-x-x,9-x-9-10-x-x,13-x-12-13-x-x,11-x-11-11-x-x,11-x-10-11-x-x,,,,,,,,,,,,,,,,,,,,,,
Half-Step Blues_copy,,,,,,,,,,,,,,,,,,,,,,,,,,,,,,,,,,,,,,,,,,,,,,,
D7,G#7,G7,C#7,D7,D#7,D7,D#7,D7,G#7,G7,F#7,G7,C#7,D7,C#7,C7,B7,Emin7,G#7,A7,D#7,D7,B7,Emin7,A7,,,,,,,,,,,,,,,,,,,,,,
10-x-10-11-x-x,11-x-10-11-x-x,10-x-9-10-x-x,9-x-9-10-x-x,10-x-10-11-x-x,11-x-11-12-x-x,10-x-10-11-x-x,11-x-11-12-x-x,10-x-10-11-x-x,11-x-10-11-x-x,10-x-9-10-x-x,9-x-8-9-x-x,10-x-9-10-x-x,9-x-9-10-x-x,10-x-10-11-x-x,9-x-9-10-x-x,8-x-8-9-x-x,7-x-7-8-x-x,7-x-5-7-x-x,11-x-10-11-x-x,12-x-11-12-x-x,11-x-11-12-x-x,10-x-10-11-x-x,14-x-13-14-x-x,12-x-12-12-x-x,12-x-11-12-x-x,,,,,,,,,,,,,,,,,,,,,,
Half-Step Blues_copy,,,,,,,,,,,,,,,,,,,,,,,,,,,,,,,,,,,,,,,,,,,,,,,
D#7,A7,G#7,D7,D#7,E7,D#7,E7,D#7,A7,G#7,G7,G#7,D7,D#7,D7,C#7,C7,Fmin7,A7,A#7,E7,D#7,C7,Fmin7,A#7,,,,,,,,,,,,,,,,,,,,,,
11-x-11-12-x-x,12-x-11-12-x-x,11-x-10-11-x-x,10-x-10-11-x-x,11-x-11-12-x-x,12-x-12-13-x-x,11-x-11-12-x-x,12-x-12-13-x-x,11-x-11-12-x-x,12-x-11-12-x-x,11-x-10-11-x-x,10-x-9-10-x-x,11-x-10-11-x-x,10-x-10-11-x-x,11-x-11-12-x-x,10-x-10-11-x-x,9-x-9-10-x-x,8-x-8-9-x-x,8-x-6-8-x-x,12-x-11-12-x-x,13-x-12-13-x-x,12-x-12-13-x-x,11-x-11-12-x-x,15-x-14-15-x-x,13-x-13-13-x-x,13-x-12-13-x-x,,,,,,,,,,,,,,,,,,,,,,
Half-Step Blues_copy,,,,,,,,,,,,,,,,,,,,,,,,,,,,,,,,,,,,,,,,,,,,,,,
E7,A#7,A7,D#7,E7,F7,E7,F7,E7,A#7,A7,G#7,A7,D#7,E7,D#7,D7,C#7,F#min7,A#7,B7,F7,E7,C#7,F#min7,B7,,,,,,,,,,,,,,,,,,,,,,
12-x-12-13-x-x,13-x-12-13-x-x,12-x-11-12-x-x,11-x-11-12-x-x,12-x-12-13-x-x,13-x-13-14-x-x,12-x-12-13-x-x,13-x-13-14-x-x,12-x-12-13-x-x,13-x-12-13-x-x,12-x-11-12-x-x,11-x-10-11-x-x,12-x-11-12-x-x,11-x-11-12-x-x,12-x-12-13-x-x,11-x-11-12-x-x,10-x-10-11-x-x,9-x-9-10-x-x,9-x-7-9-x-x,13-x-12-13-x-x,14-x-13-14-x-x,13-x-13-14-x-x,12-x-12-13-x-x,16-x-15-16-x-x,14-x-14-14-x-x,14-x-13-14-x-x,,,,,,,,,,,,,,,,,,,,,,
Half-Step Blues_copy,,,,,,,,,,,,,,,,,,,,,,,,,,,,,,,,,,,,,,,,,,,,,,,
F7,B7,A#7,E7,F7,F#7,F7,F#7,F7,B7,A#7,A7,A#7,E7,F7,E7,D#7,D7,Gmin7,B7,C7,F#7,F7,D7,Gmin7,C7,,,,,,,,,,,,,,,,,,,,,,
13-x-13-14-x-x,14-x-13-14-x-x,13-x-12-13-x-x,12-x-12-13-x-x,13-x-13-14-x-x,14-x-14-15-x-x,13-x-13-14-x-x,14-x-14-15-x-x,13-x-13-14-x-x,14-x-13-14-x-x,13-x-12-13-x-x,12-x-11-12-x-x,13-x-12-13-x-x,12-x-12-13-x-x,13-x-13-14-x-x,12-x-12-13-x-x,11-x-11-12-x-x,10-x-10-11-x-x,10-x-8-10-x-x,14-x-13-14-x-x,15-x-14-15-x-x,14-x-14-15-x-x,13-x-13-14-x-x,17-x-16-17-x-x,15-x-15-15-x-x,15-x-14-15-x-x,,,,,,,,,,,,,,,,,,,,,,
Half-Step Blues_copy,,,,,,,,,,,,,,,,,,,,,,,,,,,,,,,,,,,,,,,,,,,,,,,
F#7,C7,B7,F7,F#7,G7,F#7,G7,F#7,C7,B7,A#7,B7,F7,F#7,F7,E7,D#7,G#min7,C7,C#7,G7,F#7,D#7,G#min7,C#7,,,,,,,,,,,,,,,,,,,,,,
14-x-14-15-x-x,15-x-14-15-x-x,14-x-13-14-x-x,13-x-13-14-x-x,14-x-14-15-x-x,15-x-15-16-x-x,14-x-14-15-x-x,15-x-15-16-x-x,14-x-14-15-x-x,15-x-14-15-x-x,14-x-13-14-x-x,13-x-12-13-x-x,14-x-13-14-x-x,13-x-13-14-x-x,14-x-14-15-x-x,13-x-13-14-x-x,12-x-12-13-x-x,11-x-11-12-x-x,11-x-9-11-x-x,15-x-14-15-x-x,16-x-15-16-x-x,15-x-15-16-x-x,14-x-14-15-x-x,18-x-17-18-x-x,16-x-16-16-x-x,16-x-15-16-x-x,,,,,,,,,,,,,,,,,,,,,,
Freddie's Home,,,,,,,,,,,,,,,,,,,,,,,,,,,,,,,,,,,,,,,,,,,,,,,
F,F7,A#6,A#min6,F,C7,F7,F,A7,A#7,Fmin7,A#7,Bdim7,F7,E7,D#7,D7,D7f5,Gmin7,C#7,C7,C7f5,F7,D7,Gmin7,C7,,,,,,,,,,,,,,,,,,,,,,
8-x-7-10-x-x,8-x-7-8-x-x,6-x-5-7-x-x,6-x-5-6-x-x,5-x-3-5-x-x,3-x-2-3-x-x,1-x-1-2-x-x,5-x-3-5-x-x,5-x-5-6-x-x,6-x-6-7-x-x,8-x-6-8-x-x,6-x-6-7-x-x,7-x-6-7-x-x,8-x-7-8-x-x,7-x-6-7-x-x,6-x-5-6-x-x,5-x-4-5-x-x,4-x-4-5-x-x,3-x-3-3-x-x,4-x-3-4-x-x,3-x-2-3-x-x,2-x-2-3-x-x,1-x-1-2-x-x,5-x-4-5-x-x,3-x-3-3-x-x,3-x-2-3-x-x,,,,,,,,,,,,,,,,,,,,,,
Freddie's Home_copy,,,,,,,,,,,,,,,,,,,,,,,,,,,,,,,,,,,,,,,,,,,,,,,
F,F7,A#6,A#min6,F,C7,F7,F,A7,A#7,Fmin7,A#7,Bdim7,F7,E7,D#7,D7,D7f5,Gmin7,C#7,C7,C7f5,F7,D7,Gmin7,C7,,,,,,,,,,,,,,,,,,,,,,
8-x-7-10-x-x,8-x-7-8-x-x,6-x-5-7-x-x,6-x-5-6-x-x,5-x-3-5-x-x,3-x-2-3-x-x,1-x-1-2-x-x,5-x-3-5-x-x,5-x-5-6-x-x,6-x-6-7-x-x,8-x-6-8-x-x,6-x-6-7-x-x,7-x-6-7-x-x,8-x-7-8-x-x,7-x-6-7-x-x,6-x-5-6-x-x,5-x-4-5-x-x,4-x-4-5-x-x,3-x-3-3-x-x,4-x-3-4-x-x,3-x-2-3-x-x,2-x-2-3-x-x,1-x-1-2-x-x,5-x-4-5-x-x,3-x-3-3-x-x,3-x-2-3-x-x,,,,,,,,,,,,,,,,,,,,,,
Freddie's Home_copy,,,,,,,,,,,,,,,,,,,,,,,,,,,,,,,,,,,,,,,,,,,,,,,
F#,F#7,B6,Bmin6,F#,C#7,F#7,F#,A#7,B7,F#min7,B7,Cdim7,F#7,F7,E7,D#7,D#7f5,G#min7,D7,C#7,C#7f5,F#7,D#7,G#min7,C#7,,,,,,,,,,,,,,,,,,,,,,
9-x-8-11-x-x,9-x-8-9-x-x,7-x-6-8-x-x,7-x-6-7-x-x,6-x-4-6-x-x,4-x-3-4-x-x,2-x-2-3-x-x,6-x-4-6-x-x,6-x-6-7-x-x,7-x-7-8-x-x,9-x-7-9-x-x,7-x-7-8-x-x,8-x-7-8-x-x,9-x-8-9-x-x,8-x-7-8-x-x,7-x-6-7-x-x,6-x-5-6-x-x,5-x-5-6-x-x,4-x-4-4-x-x,5-x-4-5-x-x,4-x-3-4-x-x,3-x-3-4-x-x,2-x-2-3-x-x,6-x-5-6-x-x,4-x-4-4-x-x,4-x-3-4-x-x,,,,,,,,,,,,,,,,,,,,,,
Freddie's Home_copy,,,,,,,,,,,,,,,,,,,,,,,,,,,,,,,,,,,,,,,,,,,,,,,
G,G7,C6,Cmin6,G,D7,G7,G,B7,C7,Gmin7,C7,C#dim7,G7,F#7,F7,E7,E7f5,Amin7,D#7,D7,D7f5,G7,E7,Amin7,D7,,,,,,,,,,,,,,,,,,,,,,
10-x-9-12-x-x,10-x-9-10-x-x,8-x-7-9-x-x,8-x-7-8-x-x,7-x-5-7-x-x,5-x-4-5-x-x,3-x-3-4-x-x,7-x-5-7-x-x,7-x-7-8-x-x,8-x-8-9-x-x,10-x-8-10-x-x,8-x-8-9-x-x,9-x-8-9-x-x,10-x-9-10-x-x,9-x-8-9-x-x,8-x-7-8-x-x,7-x-6-7-x-x,6-x-6-7-x-x,5-x-5-5-x-x,6-x-5-6-x-x,5-x-4-5-x-x,4-x-4-5-x-x,3-x-3-4-x-x,7-x-6-7-x-x,5-x-5-5-x-x,5-x-4-5-x-x,,,,,,,,,,,,,,,,,,,,,,
Freddie's Home_copy,,,,,,,,,,,,,,,,,,,,,,,,,,,,,,,,,,,,,,,,,,,,,,,
G#,G#7,C#6,C#min6,G#,D#7,G#7,G#,C7,C#7,G#min7,C#7,Ddim7,G#7,G7,F#7,F7,F7f5,A#min7,E7,D#7,D#7f5,G#7,F7,A#min7,D#7,,,,,,,,,,,,,,,,,,,,,,
11-x-10-13-x-x,11-x-10-11-x-x,9-x-8-10-x-x,9-x-8-9-x-x,8-x-6-8-x-x,6-x-5-6-x-x,4-x-4-5-x-x,8-x-6-8-x-x,8-x-8-9-x-x,9-x-9-10-x-x,11-x-9-11-x-x,9-x-9-10-x-x,10-x-9-10-x-x,11-x-10-11-x-x,10-x-9-10-x-x,9-x-8-9-x-x,8-x-7-8-x-x,7-x-7-8-x-x,6-x-6-6-x-x,7-x-6-7-x-x,6-x-5-6-x-x,5-x-5-6-x-x,4-x-4-5-x-x,8-x-7-8-x-x,6-x-6-6-x-x,6-x-5-6-x-x,,,,,,,,,,,,,,,,,,,,,,
Freddie's Home_copy,,,,,,,,,,,,,,,,,,,,,,,,,,,,,,,,,,,,,,,,,,,,,,,
A,A7,D6,Dmin6,A,E7,A7,A,C#7,D7,Amin7,D7,D#dim7,A7,G#7,G7,F#7,F#7f5,Bmin7,F7,E7,E7f5,A7,F#7,Bmin7,E7,,,,,,,,,,,,,,,,,,,,,,
12-x-11-14-x-x,12-x-11-12-x-x,10-x-9-11-x-x,10-x-9-10-x-x,9-x-7-9-x-x,7-x-6-7-x-x,5-x-5-6-x-x,9-x-7-9-x-x,9-x-9-10-x-x,10-x-10-11-x-x,12-x-10-12-x-x,10-x-10-11-x-x,11-x-10-11-x-x,12-x-11-12-x-x,11-x-10-11-x-x,10-x-9-10-x-x,9-x-8-9-x-x,8-x-8-9-x-x,7-x-7-7-x-x,8-x-7-8-x-x,7-x-6-7-x-x,6-x-6-7-x-x,5-x-5-6-x-x,9-x-8-9-x-x,7-x-7-7-x-x,7-x-6-7-x-x,,,,,,,,,,,,,,,,,,,,,,
Freddie's Home_copy,,,,,,,,,,,,,,,,,,,,,,,,,,,,,,,,,,,,,,,,,,,,,,,
A#,A#7,D#6,D#min6,A#,F7,A#7,A#,D7,D#7,A#min7,D#7,Edim7,A#7,A7,G#7,G7,G7f5,Cmin7,F#7,F7,F7f5,A#7,G7,Cmin7,F7,,,,,,,,,,,,,,,,,,,,,,
13-x-12-15-x-x,13-x-12-13-x-x,11-x-10-12-x-x,11-x-10-11-x-x,10-x-8-10-x-x,8-x-7-8-x-x,6-x-6-7-x-x,10-x-8-10-x-x,10-x-10-11-x-x,11-x-11-12-x-x,13-x-11-13-x-x,11-x-11-12-x-x,12-x-11-12-x-x,13-x-12-13-x-x,12-x-11-12-x-x,11-x-10-11-x-x,10-x-9-10-x-x,9-x-9-10-x-x,8-x-8-8-x-x,9-x-8-9-x-x,8-x-7-8-x-x,7-x-7-8-x-x,6-x-6-7-x-x,10-x-9-10-x-x,8-x-8-8-x-x,8-x-7-8-x-x,,,,,,,,,,,,,,,,,,,,,,
Freddie's Home_copy,,,,,,,,,,,,,,,,,,,,,,,,,,,,,,,,,,,,,,,,,,,,,,,
B,B7,E6,Emin6,B,F#7,B7,B,D#7,E7,Bmin7,E7,Fdim7,B7,A#7,A7,G#7,G#7f5,C#min7,G7,F#7,F#7f5,B7,G#7,C#min7,F#7,,,,,,,,,,,,,,,,,,,,,,
14-x-13-16-x-x,14-x-13-14-x-x,12-x-11-13-x-x,12-x-11-12-x-x,11-x-9-11-x-x,9-x-8-9-x-x,7-x-7-8-x-x,11-x-9-11-x-x,11-x-11-12-x-x,12-x-12-13-x-x,14-x-12-14-x-x,12-x-12-13-x-x,13-x-12-13-x-x,14-x-13-14-x-x,13-x-12-13-x-x,12-x-11-12-x-x,11-x-10-11-x-x,10-x-10-11-x-x,9-x-9-9-x-x,10-x-9-10-x-x,9-x-8-9-x-x,8-x-8-9-x-x,7-x-7-8-x-x,11-x-10-11-x-x,9-x-9-9-x-x,9-x-8-9-x-x,,,,,,,,,,,,,,,,,,,,,,
Freddie's Home_copy,,,,,,,,,,,,,,,,,,,,,,,,,,,,,,,,,,,,,,,,,,,,,,,
C,C7,F6,Fmin6,C,G7,C7,C,E7,F7,Cmin7,F7,F#dim7,C7,B7,A#7,A7,A7f5,Dmin7,G#7,G7,G7f5,C7,A7,Dmin7,G7,,,,,,,,,,,,,,,,,,,,,,
15-x-14-17-x-x,15-x-14-15-x-x,13-x-12-14-x-x,13-x-12-13-x-x,12-x-10-12-x-x,10-x-9-10-x-x,8-x-8-9-x-x,12-x-10-12-x-x,12-x-12-13-x-x,13-x-13-14-x-x,15-x-13-15-x-x,13-x-13-14-x-x,14-x-13-14-x-x,15-x-14-15-x-x,14-x-13-14-x-x,13-x-12-13-x-x,12-x-11-12-x-x,11-x-11-12-x-x,10-x-10-10-x-x,11-x-10-11-x-x,10-x-9-10-x-x,9-x-9-10-x-x,8-x-8-9-x-x,12-x-11-12-x-x,10-x-10-10-x-x,10-x-9-10-x-x,,,,,,,,,,,,,,,,,,,,,,
Freddie's Home_copy,,,,,,,,,,,,,,,,,,,,,,,,,,,,,,,,,,,,,,,,,,,,,,,
C#,C#7,F#6,F#min6,C#,G#7,C#7,C#,F7,F#7,C#min7,F#7,Gdim7,C#7,C7,B7,A#7,A#7f5,D#min7,A7,G#7,G#7f5,C#7,A#7,D#min7,G#7,,,,,,,,,,,,,,,,,,,,,,
16-x-15-18-x-x,16-x-15-16-x-x,14-x-13-15-x-x,14-x-13-14-x-x,13-x-11-13-x-x,11-x-10-11-x-x,9-x-9-10-x-x,13-x-11-13-x-x,13-x-13-14-x-x,14-x-14-15-x-x,16-x-14-16-x-x,14-x-14-15-x-x,15-x-14-15-x-x,16-x-15-16-x-x,15-x-14-15-x-x,14-x-13-14-x-x,13-x-12-13-x-x,12-x-12-13-x-x,11-x-11-11-x-x,12-x-11-12-x-x,11-x-10-11-x-x,10-x-10-11-x-x,9-x-9-10-x-x,13-x-12-13-x-x,11-x-11-11-x-x,11-x-10-11-x-x,,,,,,,,,,,,,,,,,,,,,,
Freddie's Home pt 2,,,,,,,,,,,,,,,,,,,,,,,,,,,,,,,,,,,,,,,,,,,,,,,
Cmin7,C7f9,F7,F7f5,A#7,G7,C7,F7,A7,A#7,B7,A#7,A#7f9,D#7,Edim7,A#,Fmin7,A#7,A#7f9,D#7,A#min7,D#7,Edim7,A#,A#dim7,Fmin7,A#7,G#7,G7,G7f9,C7,C7f5,F7,Faug,A#7,Bdim7,Cmin,F7f5,A#7,,,,,,,,,
8-x-8-8-x-x,9-x-8-9-x-x,8-x-7-8-x-x,7-x-7-8-x-x,6-x-6-7-x-x,3-x-3-4-x-x,3-x-2-3-x-x,1-x-1-2-x-x,5-x-5-6-x-x,6-x-6-7-x-x,7-x-7-8-x-x,6-x-6-7-x-x,7-x-6-7-x-x,6-x-5-6-x-x,x-7-8-6-8-x,10-x-8-10-x-x,8-x-6-8-x-x,6-x-6-7-x-x,7-x-6-7-x-x,6-x-5-6-x-x,6-x-6-6-x-x,6-x-5-6-x-x,9-x-8-9-x-x,10-x-8-10-x-x,9-x-8-9-x-x,8-x-6-8-x-x,6-x-6-7-x-x,4-x-4-5-x-x,3-x-3-4-x-x,4-x-3-4-x-x,3-x-2-3-x-x,2-x-2-3-x-x,1-x-1-2-x-x,5-x-3-6-x-x,6-x-6-7-x-x,7-x-6-7-x-x,8-x-5-8-x-x,7-x-7-8-x-x,6-x-6-7-x-x,,,,,,,,,
Freddie's Home pt 2_copy,,,,,,,,,,,,,,,,,,,,,,,,,,,,,,,,,,,,,,,,,,,,,,,
Cmin7,C7f9,F7,F7f5,A#7,G7,C7,F7,A7,A#7,B7,A#7,A#7f9,D#7,Edim7,A#,Fmin7,A#7,A#7f9,D#7,A#min7,D#7,Edim7,A#,A#dim7,Fmin7,A#7,G#7,G7,G7f9,C7,C7f5,F7,Faug,A#7,Bdim7,Cmin,F7f5,A#7,,,,,,,,,
8-x-8-8-x-x,9-x-8-9-x-x,8-x-7-8-x-x,7-x-7-8-x-x,6-x-6-7-x-x,3-x-3-4-x-x,3-x-2-3-x-x,1-x-1-2-x-x,5-x-5-6-x-x,6-x-6-7-x-x,7-x-7-8-x-x,6-x-6-7-x-x,7-x-6-7-x-x,6-x-5-6-x-x,x-7-8-6-8-x,10-x-8-10-x-x,8-x-6-8-x-x,6-x-6-7-x-x,7-x-6-7-x-x,6-x-5-6-x-x,6-x-6-6-x-x,6-x-5-6-x-x,9-x-8-9-x-x,10-x-8-10-x-x,9-x-8-9-x-x,8-x-6-8-x-x,6-x-6-7-x-x,4-x-4-5-x-x,3-x-3-4-x-x,4-x-3-4-x-x,3-x-2-3-x-x,2-x-2-3-x-x,1-x-1-2-x-x,5-x-3-6-x-x,6-x-6-7-x-x,7-x-6-7-x-x,8-x-5-8-x-x,7-x-7-8-x-x,6-x-6-7-x-x,,,,,,,,,
Freddie's Home pt 2_copy,,,,,,,,,,,,,,,,,,,,,,,,,,,,,,,,,,,,,,,,,,,,,,,
C#min7,C#7f9,F#7,F#7f5,B7,G#7,C#7,F#7,A#7,B7,C7,B7,B7f9,E7,Fdim7,B,F#min7,B7,B7f9,E7,Bmin7,E7,Fdim7,B,Bdim7,F#min7,B7,A7,G#7,G#7f9,C#7,C#7f5,F#7,F#aug,B7,Cdim7,C#min,F#7f5,B7,,,,,,,,,
9-x-9-9-x-x,10-x-9-10-x-x,9-x-8-9-x-x,8-x-8-9-x-x,7-x-7-8-x-x,4-x-4-5-x-x,4-x-3-4-x-x,2-x-2-3-x-x,6-x-6-7-x-x,7-x-7-8-x-x,8-x-8-9-x-x,7-x-7-8-x-x,8-x-7-8-x-x,7-x-6-7-x-x,x-8-9-7-9-x,11-x-9-11-x-x,9-x-7-9-x-x,7-x-7-8-x-x,8-x-7-8-x-x,7-x-6-7-x-x,7-x-7-7-x-x,7-x-6-7-x-x,10-x-9-10-x-x,11-x-9-11-x-x,10-x-9-10-x-x,9-x-7-9-x-x,7-x-7-8-x-x,5-x-5-6-x-x,4-x-4-5-x-x,5-x-4-5-x-x,4-x-3-4-x-x,3-x-3-4-x-x,2-x-2-3-x-x,6-x-4-7-x-x,7-x-7-8-x-x,8-x-7-8-x-x,9-x-6-9-x-x,8-x-8-9-x-x,7-x-7-8-x-x,,,,,,,,,
Freddie's Home pt 2_copy,,,,,,,,,,,,,,,,,,,,,,,,,,,,,,,,,,,,,,,,,,,,,,,
Dmin7,D7f9,G7,G7f5,C7,A7,D7,G7,B7,C7,C#7,C7,C7f9,F7,F#dim7,C,Gmin7,C7,C7f9,F7,Cmin7,F7,F#dim7,C,Cdim7,Gmin7,C7,A#7,A7,A7f9,D7,D7f5,G7,Gaug,C7,C#dim7,Dmin,G7f5,C7,,,,,,,,,
10-x-10-10-x-x,11-x-10-11-x-x,10-x-9-10-x-x,9-x-9-10-x-x,8-x-8-9-x-x,5-x-5-6-x-x,5-x-4-5-x-x,3-x-3-4-x-x,7-x-7-8-x-x,8-x-8-9-x-x,9-x-9-10-x-x,8-x-8-9-x-x,9-x-8-9-x-x,8-x-7-8-x-x,x-9-10-8-10-x,12-x-10-12-x-x,10-x-8-10-x-x,8-x-8-9-x-x,9-x-8-9-x-x,8-x-7-8-x-x,8-x-8-8-x-x,8-x-7-8-x-x,11-x-10-11-x-x,12-x-10-12-x-x,11-x-10-11-x-x,10-x-8-10-x-x,8-x-8-9-x-x,6-x-6-7-x-x,5-x-5-6-x-x,6-x-5-6-x-x,5-x-4-5-x-x,4-x-4-5-x-x,3-x-3-4-x-x,7-x-5-8-x-x,8-x-8-9-x-x,9-x-8-9-x-x,10-x-7-10-x-x,9-x-9-10-x-x,8-x-8-9-x-x,,,,,,,,,
Freddie's Home pt 2_copy,,,,,,,,,,,,,,,,,,,,,,,,,,,,,,,,,,,,,,,,,,,,,,,
D#min7,D#7f9,G#7,G#7f5,C#7,A#7,D#7,G#7,C7,C#7,D7,C#7,C#7f9,F#7,Gdim7,C#,G#min7,C#7,C#7f9,F#7,C#min7,F#7,Gdim7,C#,C#dim7,G#min7,C#7,B7,A#7,A#7f9,D#7,D#7f5,G#7,G#aug,C#7,Ddim7,D#min,G#7f5,C#7,,,,,,,,,
11-x-11-11-x-x,12-x-11-12-x-x,11-x-10-11-x-x,10-x-10-11-x-x,9-x-9-10-x-x,6-x-6-7-x-x,6-x-5-6-x-x,4-x-4-5-x-x,8-x-8-9-x-x,9-x-9-10-x-x,10-x-10-11-x-x,9-x-9-10-x-x,10-x-9-10-x-x,9-x-8-9-x-x,x-10-11-9-11-x,13-x-11-13-x-x,11-x-9-11-x-x,9-x-9-10-x-x,10-x-9-10-x-x,9-x-8-9-x-x,9-x-9-9-x-x,9-x-8-9-x-x,12-x-11-12-x-x,13-x-11-13-x-x,12-x-11-12-x-x,11-x-9-11-x-x,9-x-9-10-x-x,7-x-7-8-x-x,6-x-6-7-x-x,7-x-6-7-x-x,6-x-5-6-x-x,5-x-5-6-x-x,4-x-4-5-x-x,8-x-6-9-x-x,9-x-9-10-x-x,10-x-9-10-x-x,11-x-8-11-x-x,10-x-10-11-x-x,9-x-9-10-x-x,,,,,,,,,
Freddie's Home pt 2_copy,,,,,,,,,,,,,,,,,,,,,,,,,,,,,,,,,,,,,,,,,,,,,,,
Emin7,E7f9,A7,A7f5,D7,B7,E7,A7,C#7,D7,D#7,D7,D7f9,G7,G#dim7,D,Amin7,D7,D7f9,G7,Dmin7,G7,G#dim7,D,Ddim7,Amin7,D7,C7,B7,B7f9,E7,E7f5,A7,Aaug,D7,D#dim7,Emin,A7f5,D7,,,,,,,,,
12-x-12-12-x-x,13-x-12-13-x-x,12-x-11-12-x-x,11-x-11-12-x-x,10-x-10-11-x-x,7-x-7-8-x-x,7-x-6-7-x-x,5-x-5-6-x-x,9-x-9-10-x-x,10-x-10-11-x-x,11-x-11-12-x-x,10-x-10-11-x-x,11-x-10-11-x-x,10-x-9-10-x-x,x-11-12-10-12-x,14-x-12-14-x-x,12-x-10-12-x-x,10-x-10-11-x-x,11-x-10-11-x-x,10-x-9-10-x-x,10-x-10-10-x-x,10-x-9-10-x-x,13-x-12-13-x-x,14-x-12-14-x-x,13-x-12-13-x-x,12-x-10-12-x-x,10-x-10-11-x-x,8-x-8-9-x-x,7-x-7-8-x-x,8-x-7-8-x-x,7-x-6-7-x-x,6-x-6-7-x-x,5-x-5-6-x-x,9-x-7-10-x-x,10-x-10-11-x-x,11-x-10-11-x-x,12-x-9-12-x-x,11-x-11-12-x-x,10-x-10-11-x-x,,,,,,,,,
Freddie's Home pt 2_copy,,,,,,,,,,,,,,,,,,,,,,,,,,,,,,,,,,,,,,,,,,,,,,,
Fmin7,F7f9,A#7,A#7f5,D#7,C7,F7,A#7,D7,D#7,E7,D#7,D#7f9,G#7,Adim7,D#,A#min7,D#7,D#7f9,G#7,D#min7,G#7,Adim7,D#,D#dim7,A#min7,D#7,C#7,C7,C7f9,F7,F7f5,A#7,A#aug,D#7,Edim7,Fmin,A#7f5,D#7,,,,,,,,,
13-x-13-13-x-x,14-x-13-14-x-x,13-x-12-13-x-x,12-x-12-13-x-x,11-x-11-12-x-x,8-x-8-9-x-x,8-x-7-8-x-x,6-x-6-7-x-x,10-x-10-11-x-x,11-x-11-12-x-x,12-x-12-13-x-x,11-x-11-12-x-x,12-x-11-12-x-x,11-x-10-11-x-x,x-12-13-11-13-x,15-x-13-15-x-x,13-x-11-13-x-x,11-x-11-12-x-x,12-x-11-12-x-x,11-x-10-11-x-x,11-x-11-11-x-x,11-x-10-11-x-x,14-x-13-14-x-x,15-x-13-15-x-x,14-x-13-14-x-x,13-x-11-13-x-x,11-x-11-12-x-x,9-x-9-10-x-x,8-x-8-9-x-x,9-x-8-9-x-x,8-x-7-8-x-x,7-x-7-8-x-x,6-x-6-7-x-x,10-x-8-11-x-x,11-x-11-12-x-x,12-x-11-12-x-x,13-x-10-13-x-x,12-x-12-13-x-x,11-x-11-12-x-x,,,,,,,,,
Freddie's Home pt 2_copy,,,,,,,,,,,,,,,,,,,,,,,,,,,,,,,,,,,,,,,,,,,,,,,
F#min7,F#7f9,B7,B7f5,E7,C#7,F#7,B7,D#7,E7,F7,E7,E7f9,A7,A#dim7,E,Bmin7,E7,E7f9,A7,Emin7,A7,A#dim7,E,Edim7,Bmin7,E7,D7,C#7,C#7f9,F#7,F#7f5,B7,Baug,E7,Fdim7,F#min,B7f5,E7,,,,,,,,,
14-x-14-14-x-x,15-x-14-15-x-x,14-x-13-14-x-x,13-x-13-14-x-x,12-x-12-13-x-x,9-x-9-10-x-x,9-x-8-9-x-x,7-x-7-8-x-x,11-x-11-12-x-x,12-x-12-13-x-x,13-x-13-14-x-x,12-x-12-13-x-x,13-x-12-13-x-x,12-x-11-12-x-x,x-13-14-12-14-x,16-x-14-16-x-x,14-x-12-14-x-x,12-x-12-13-x-x,13-x-12-13-x-x,12-x-11-12-x-x,12-x-12-12-x-x,12-x-11-12-x-x,15-x-14-15-x-x,16-x-14-16-x-x,15-x-14-15-x-x,14-x-12-14-x-x,12-x-12-13-x-x,10-x-10-11-x-x,9-x-9-10-x-x,10-x-9-10-x-x,9-x-8-9-x-x,8-x-8-9-x-x,7-x-7-8-x-x,11-x-9-12-x-x,12-x-12-13-x-x,13-x-12-13-x-x,14-x-11-14-x-x,13-x-13-14-x-x,12-x-12-13-x-x,,,,,,,,,
Freddie's Home pt 2_copy,,,,,,,,,,,,,,,,,,,,,,,,,,,,,,,,,,,,,,,,,,,,,,,
Gmin7,G7f9,C7,C7f5,F7,D7,G7,C7,E7,F7,F#7,F7,F7f9,A#7,Bdim7,F,Cmin7,F7,F7f9,A#7,Fmin7,A#7,Bdim7,F,Fdim7,Cmin7,F7,D#7,D7,D7f9,G7,G7f5,C7,Caug,F7,F#dim7,Gmin,C7f5,F7,,,,,,,,,
15-x-15-15-x-x,16-x-15-16-x-x,15-x-14-15-x-x,14-x-14-15-x-x,13-x-13-14-x-x,10-x-10-11-x-x,10-x-9-10-x-x,8-x-8-9-x-x,12-x-12-13-x-x,13-x-13-14-x-x,14-x-14-15-x-x,13-x-13-14-x-x,14-x-13-14-x-x,13-x-12-13-x-x,x-14-15-13-15-x,17-x-15-17-x-x,15-x-13-15-x-x,13-x-13-14-x-x,14-x-13-14-x-x,13-x-12-13-x-x,13-x-13-13-x-x,13-x-12-13-x-x,16-x-15-16-x-x,17-x-15-17-x-x,16-x-15-16-x-x,15-x-13-15-x-x,13-x-13-14-x-x,11-x-11-12-x-x,10-x-10-11-x-x,11-x-10-11-x-x,10-x-9-10-x-x,9-x-9-10-x-x,8-x-8-9-x-x,12-x-10-13-x-x,13-x-13-14-x-x,14-x-13-14-x-x,15-x-12-15-x-x,14-x-14-15-x-x,13-x-13-14-x-x,,,,,,,,,
Freddie's Home pt 2_copy,,,,,,,,,,,,,,,,,,,,,,,,,,,,,,,,,,,,,,,,,,,,,,,
G#min7,G#7f9,C#7,C#7f5,F#7,D#7,G#7,C#7,F7,F#7,G7,F#7,F#7f9,B7,Cdim7,F#,C#min7,F#7,F#7f9,B7,F#min7,B7,Cdim7,F#,F#dim7,C#min7,F#7,E7,D#7,D#7f9,G#7,G#7f5,C#7,C#aug,F#7,Gdim7,G#min,C#7f5,F#7,,,,,,,,,
16-x-16-16-x-x,17-x-16-17-x-x,16-x-15-16-x-x,15-x-15-16-x-x,14-x-14-15-x-x,11-x-11-12-x-x,11-x-10-11-x-x,9-x-9-10-x-x,13-x-13-14-x-x,14-x-14-15-x-x,15-x-15-16-x-x,14-x-14-15-x-x,15-x-14-15-x-x,14-x-13-14-x-x,x-15-16-14-16-x,18-x-16-18-x-x,16-x-14-16-x-x,14-x-14-15-x-x,15-x-14-15-x-x,14-x-13-14-x-x,14-x-14-14-x-x,14-x-13-14-x-x,17-x-16-17-x-x,18-x-16-18-x-x,17-x-16-17-x-x,16-x-14-16-x-x,14-x-14-15-x-x,12-x-12-13-x-x,11-x-11-12-x-x,12-x-11-12-x-x,11-x-10-11-x-x,10-x-10-11-x-x,9-x-9-10-x-x,13-x-11-14-x-x,14-x-14-15-x-x,15-x-14-15-x-x,16-x-13-16-x-x,15-x-15-16-x-x,14-x-14-15-x-x,,,,,,,,,
Swinging On The Spot,,,,,,,,,,,,,,,,,,,,,,,,,,,,,,,,,,,,,,,,,,,,,,,
A#6,A#7,D#,Edim7,Gmin7,F#min7,Fmin7,E7,D#7,A#min7,D#7,D#min6,A#6,D#7,Dmin7,C#7,Gmin7,C7,Cmin7,F7,A#6,C#7,C7,B7,,,,,,,,,,,,,,,,,,,,,,,,
6-x-5-7-x-x,6-x-6-7-x-x,6-x-5-8-x-x,9-x-8-9-x-x,10-x-8-10-x-x,9-x-7-9-x-x,8-x-6-8-x-x,7-x-6-7-x-x,6-x-5-6-x-x,6-x-6-6-x-x,6-x-5-6-x-x,6-x-4-5-x-x,6-x-5-7-x-x,6-x-5-6-x-x,5-x-3-5-x-x,4-x-3-4-x-x,3-x-3-3-x-x,3-x-2-3-x-x,3-x-1-3-x-x,1-x-1-2-x-x,6-x-5-7-x-x,9-x-9-10-x-x,8-x-8-9-x-x,7-x-7-8-x-x,,,,,,,,,,,,,,,,,,,,,,,,
Swinging On The Spot_copy,,,,,,,,,,,,,,,,,,,,,,,,,,,,,,,,,,,,,,,,,,,,,,,
A#6,A#7,D#,Edim7,Gmin7,F#min7,Fmin7,E7,D#7,A#min7,D#7,D#min6,A#6,D#7,Dmin7,C#7,Gmin7,C7,Cmin7,F7,A#6,C#7,C7,B7,,,,,,,,,,,,,,,,,,,,,,,,
6-x-5-7-x-x,6-x-6-7-x-x,6-x-5-8-x-x,9-x-8-9-x-x,10-x-8-10-x-x,9-x-7-9-x-x,8-x-6-8-x-x,7-x-6-7-x-x,6-x-5-6-x-x,6-x-6-6-x-x,6-x-5-6-x-x,6-x-4-5-x-x,6-x-5-7-x-x,6-x-5-6-x-x,5-x-3-5-x-x,4-x-3-4-x-x,3-x-3-3-x-x,3-x-2-3-x-x,3-x-1-3-x-x,1-x-1-2-x-x,6-x-5-7-x-x,9-x-9-10-x-x,8-x-8-9-x-x,7-x-7-8-x-x,,,,,,,,,,,,,,,,,,,,,,,,
Swinging On The Spot_copy,,,,,,,,,,,,,,,,,,,,,,,,,,,,,,,,,,,,,,,,,,,,,,,
B6,B7,E,Fdim7,G#min7,Gmin7,F#min7,F7,E7,Bmin7,E7,Emin6,B6,E7,D#min7,D7,G#min7,C#7,C#min7,F#7,B6,D7,C#7,C7,,,,,,,,,,,,,,,,,,,,,,,,
7-x-6-8-x-x,7-x-7-8-x-x,7-x-6-9-x-x,10-x-9-10-x-x,11-x-9-11-x-x,10-x-8-10-x-x,9-x-7-9-x-x,8-x-7-8-x-x,7-x-6-7-x-x,7-x-7-7-x-x,7-x-6-7-x-x,7-x-5-6-x-x,7-x-6-8-x-x,7-x-6-7-x-x,6-x-4-6-x-x,5-x-4-5-x-x,4-x-4-4-x-x,4-x-3-4-x-x,4-x-2-4-x-x,2-x-2-3-x-x,7-x-6-8-x-x,10-x-10-11-x-x,9-x-9-10-x-x,8-x-8-9-x-x,,,,,,,,,,,,,,,,,,,,,,,,
Swinging On The Spot_copy,,,,,,,,,,,,,,,,,,,,,,,,,,,,,,,,,,,,,,,,,,,,,,,
C6,C7,F,F#dim7,Amin7,G#min7,Gmin7,F#7,F7,Cmin7,F7,Fmin6,C6,F7,Emin7,D#7,Amin7,D7,Dmin7,G7,C6,D#7,D7,C#7,,,,,,,,,,,,,,,,,,,,,,,,
8-x-7-9-x-x,8-x-8-9-x-x,8-x-7-10-x-x,11-x-10-11-x-x,12-x-10-12-x-x,11-x-9-11-x-x,10-x-8-10-x-x,9-x-8-9-x-x,8-x-7-8-x-x,8-x-8-8-x-x,8-x-7-8-x-x,8-x-6-7-x-x,8-x-7-9-x-x,8-x-7-8-x-x,7-x-5-7-x-x,6-x-5-6-x-x,5-x-5-5-x-x,5-x-4-5-x-x,5-x-3-5-x-x,3-x-3-4-x-x,8-x-7-9-x-x,11-x-11-12-x-x,10-x-10-11-x-x,9-x-9-10-x-x,,,,,,,,,,,,,,,,,,,,,,,,
Swinging On The Spot_copy,,,,,,,,,,,,,,,,,,,,,,,,,,,,,,,,,,,,,,,,,,,,,,,
C#6,C#7,F#,Gdim7,A#min7,Amin7,G#min7,G7,F#7,C#min7,F#7,F#min6,C#6,F#7,Fmin7,E7,A#min7,D#7,D#min7,G#7,C#6,E7,D#7,D7,,,,,,,,,,,,,,,,,,,,,,,,
9-x-8-10-x-x,9-x-9-10-x-x,9-x-8-11-x-x,12-x-11-12-x-x,13-x-11-13-x-x,12-x-10-12-x-x,11-x-9-11-x-x,10-x-9-10-x-x,9-x-8-9-x-x,9-x-9-9-x-x,9-x-8-9-x-x,9-x-7-8-x-x,9-x-8-10-x-x,9-x-8-9-x-x,8-x-6-8-x-x,7-x-6-7-x-x,6-x-6-6-x-x,6-x-5-6-x-x,6-x-4-6-x-x,4-x-4-5-x-x,9-x-8-10-x-x,12-x-12-13-x-x,11-x-11-12-x-x,10-x-10-11-x-x,,,,,,,,,,,,,,,,,,,,,,,,
Swinging On The Spot_copy,,,,,,,,,,,,,,,,,,,,,,,,,,,,,,,,,,,,,,,,,,,,,,,
D6,D7,G,G#dim7,Bmin7,A#min7,Amin7,G#7,G7,Dmin7,G7,Gmin6,D6,G7,F#min7,F7,Bmin7,E7,Emin7,A7,D6,F7,E7,D#7,,,,,,,,,,,,,,,,,,,,,,,,
10-x-9-11-x-x,10-x-10-11-x-x,10-x-9-12-x-x,13-x-12-13-x-x,14-x-12-14-x-x,13-x-11-13-x-x,12-x-10-12-x-x,11-x-10-11-x-x,10-x-9-10-x-x,10-x-10-10-x-x,10-x-9-10-x-x,10-x-8-9-x-x,10-x-9-11-x-x,10-x-9-10-x-x,9-x-7-9-x-x,8-x-7-8-x-x,7-x-7-7-x-x,7-x-6-7-x-x,7-x-5-7-x-x,5-x-5-6-x-x,10-x-9-11-x-x,13-x-13-14-x-x,12-x-12-13-x-x,11-x-11-12-x-x,,,,,,,,,,,,,,,,,,,,,,,,
Swinging On The Spot_copy,,,,,,,,,,,,,,,,,,,,,,,,,,,,,,,,,,,,,,,,,,,,,,,
D#6,D#7,G#,Adim7,Cmin7,Bmin7,A#min7,A7,G#7,D#min7,G#7,G#min6,D#6,G#7,Gmin7,F#7,Cmin7,F7,Fmin7,A#7,D#6,F#7,F7,E7,,,,,,,,,,,,,,,,,,,,,,,,
11-x-10-12-x-x,11-x-11-12-x-x,11-x-10-13-x-x,14-x-13-14-x-x,15-x-13-15-x-x,14-x-12-14-x-x,13-x-11-13-x-x,12-x-11-12-x-x,11-x-10-11-x-x,11-x-11-11-x-x,11-x-10-11-x-x,11-x-9-10-x-x,11-x-10-12-x-x,11-x-10-11-x-x,10-x-8-10-x-x,9-x-8-9-x-x,8-x-8-8-x-x,8-x-7-8-x-x,8-x-6-8-x-x,6-x-6-7-x-x,11-x-10-12-x-x,14-x-14-15-x-x,13-x-13-14-x-x,12-x-12-13-x-x,,,,,,,,,,,,,,,,,,,,,,,,
Swinging On The Spot_copy,,,,,,,,,,,,,,,,,,,,,,,,,,,,,,,,,,,,,,,,,,,,,,,
E6,E7,A,A#dim7,C#min7,Cmin7,Bmin7,A#7,A7,Emin7,A7,Amin6,E6,A7,G#min7,G7,C#min7,F#7,F#min7,B7,E6,G7,F#7,F7,,,,,,,,,,,,,,,,,,,,,,,,
12-x-11-13-x-x,12-x-12-13-x-x,12-x-11-14-x-x,15-x-14-15-x-x,16-x-14-16-x-x,15-x-13-15-x-x,14-x-12-14-x-x,13-x-12-13-x-x,12-x-11-12-x-x,12-x-12-12-x-x,12-x-11-12-x-x,12-x-10-11-x-x,12-x-11-13-x-x,12-x-11-12-x-x,11-x-9-11-x-x,10-x-9-10-x-x,9-x-9-9-x-x,9-x-8-9-x-x,9-x-7-9-x-x,7-x-7-8-x-x,12-x-11-13-x-x,15-x-15-16-x-x,14-x-14-15-x-x,13-x-13-14-x-x,,,,,,,,,,,,,,,,,,,,,,,,
Swinging On The Spot_copy,,,,,,,,,,,,,,,,,,,,,,,,,,,,,,,,,,,,,,,,,,,,,,,
F6,F7,A#,Bdim7,Dmin7,C#min7,Cmin7,B7,A#7,Fmin7,A#7,A#min6,F6,A#7,Amin7,G#7,Dmin7,G7,Gmin7,C7,F6,G#7,G7,F#7,,,,,,,,,,,,,,,,,,,,,,,,
13-x-12-14-x-x,13-x-13-14-x-x,13-x-12-15-x-x,16-x-15-16-x-x,17-x-15-17-x-x,16-x-14-16-x-x,15-x-13-15-x-x,14-x-13-14-x-x,13-x-12-13-x-x,13-x-13-13-x-x,13-x-12-13-x-x,13-x-11-12-x-x,13-x-12-14-x-x,13-x-12-13-x-x,12-x-10-12-x-x,11-x-10-11-x-x,10-x-10-10-x-x,10-x-9-10-x-x,10-x-8-10-x-x,8-x-8-9-x-x,13-x-12-14-x-x,16-x-16-17-x-x,15-x-15-16-x-x,14-x-14-15-x-x,,,,,,,,,,,,,,,,,,,,,,,,
Swinging On The Spot_copy,,,,,,,,,,,,,,,,,,,,,,,,,,,,,,,,,,,,,,,,,,,,,,,
F#6,F#7,B,Cdim7,D#min7,Dmin7,C#min7,C7,B7,F#min7,B7,Bmin6,F#6,B7,A#min7,A7,D#min7,G#7,G#min7,C#7,F#6,A7,G#7,G7,,,,,,,,,,,,,,,,,,,,,,,,
14-x-13-15-x-x,14-x-14-15-x-x,14-x-13-16-x-x,17-x-16-17-x-x,18-x-16-18-x-x,17-x-15-17-x-x,16-x-14-16-x-x,15-x-14-15-x-x,14-x-13-14-x-x,14-x-14-14-x-x,14-x-13-14-x-x,14-x-12-13-x-x,14-x-13-15-x-x,14-x-13-14-x-x,13-x-11-13-x-x,12-x-11-12-x-x,11-x-11-11-x-x,11-x-10-11-x-x,11-x-9-11-x-x,9-x-9-10-x-x,14-x-13-15-x-x,17-x-17-18-x-x,16-x-16-17-x-x,15-x-15-16-x-x,,,,,,,,,,,,,,,,,,,,,,,,
Two's Blues,,,,,,,,,,,,,,,,,,,,,,,,,,,,,,,,,,,,,,,,,,,,,,,
C7,C7f9,F7,F#dim7,C9,Gmin7,F#7,F7,F#7,Fmin7,A#7,C7,F7,Emin7,D#min7,Dmin7,G7,C7,D#7,Dmin7,C#7,,,,,,,,,,,,,,,,,,,,,,,,,,,
8-x-8-9-x-x,9-x-8-9-x-x,8-x-7-8-x-x,x-9-10-8-10-x,x-7-8-7-8-x,10-x-8-10-x-x,9-x-8-9-x-x,8-x-7-8-x-x,9-x-8-9-x-x,8-x-6-8-x-x,6-x-6-7-x-x,8-x-8-9-x-x,8-x-7-8-x-x,7-x-5-7-x-x,6-x-4-6-x-x,5-x-3-5-x-x,3-x-3-4-x-x,3-x-2-3-x-x,6-x-5-6-x-x,5-x-3-5-x-x,4-x-3-4-x-x,,,,,,,,,,,,,,,,,,,,,,,,,,,
Two's Blues_copy,,,,,,,,,,,,,,,,,,,,,,,,,,,,,,,,,,,,,,,,,,,,,,,
B7,B7f9,E7,Fdim7,B9,F#min7,F7,E7,F7,Emin7,A7,B7,E7,D#min7,Dmin7,C#min7,F#7,B7,D7,C#min7,C7,,,,,,,,,,,,,,,,,,,,,,,,,,,
7-x-7-8-x-x,8-x-7-8-x-x,7-x-6-7-x-x,x-8-9-7-9-x,x-6-7-6-7-x,9-x-7-9-x-x,8-x-7-8-x-x,7-x-6-7-x-x,8-x-7-8-x-x,7-x-5-7-x-x,5-x-5-6-x-x,7-x-7-8-x-x,7-x-6-7-x-x,6-x-4-6-x-x,5-x-3-5-x-x,4-x-2-4-x-x,2-x-2-3-x-x,2-x-1-2-x-x,5-x-4-5-x-x,4-x-2-4-x-x,3-x-2-3-x-x,,,,,,,,,,,,,,,,,,,,,,,,,,,
Two's Blues_copy,,,,,,,,,,,,,,,,,,,,,,,,,,,,,,,,,,,,,,,,,,,,,,,
C7,C7f9,F7,F#dim7,C9,Gmin7,F#7,F7,F#7,Fmin7,A#7,C7,F7,Emin7,D#min7,Dmin7,G7,C7,D#7,Dmin7,C#7,,,,,,,,,,,,,,,,,,,,,,,,,,,
8-x-8-9-x-x,9-x-8-9-x-x,8-x-7-8-x-x,x-9-10-8-10-x,x-7-8-7-8-x,10-x-8-10-x-x,9-x-8-9-x-x,8-x-7-8-x-x,9-x-8-9-x-x,8-x-6-8-x-x,6-x-6-7-x-x,8-x-8-9-x-x,8-x-7-8-x-x,7-x-5-7-x-x,6-x-4-6-x-x,5-x-3-5-x-x,3-x-3-4-x-x,3-x-2-3-x-x,6-x-5-6-x-x,5-x-3-5-x-x,4-x-3-4-x-x,,,,,,,,,,,,,,,,,,,,,,,,,,,
Two's Blues_copy,,,,,,,,,,,,,,,,,,,,,,,,,,,,,,,,,,,,,,,,,,,,,,,
C#7,C#7f9,F#7,Gdim7,C#9,G#min7,G7,F#7,G7,F#min7,B7,C#7,F#7,Fmin7,Emin7,D#min7,G#7,C#7,E7,D#min7,D7,,,,,,,,,,,,,,,,,,,,,,,,,,,
9-x-9-10-x-x,10-x-9-10-x-x,9-x-8-9-x-x,x-10-11-9-11-x,x-8-9-8-9-x,11-x-9-11-x-x,10-x-9-10-x-x,9-x-8-9-x-x,10-x-9-10-x-x,9-x-7-9-x-x,7-x-7-8-x-x,9-x-9-10-x-x,9-x-8-9-x-x,8-x-6-8-x-x,7-x-5-7-x-x,6-x-4-6-x-x,4-x-4-5-x-x,4-x-3-4-x-x,7-x-6-7-x-x,6-x-4-6-x-x,5-x-4-5-x-x,,,,,,,,,,,,,,,,,,,,,,,,,,,
Two's Blues_copy,,,,,,,,,,,,,,,,,,,,,,,,,,,,,,,,,,,,,,,,,,,,,,,
D7,D7f9,G7,G#dim7,D9,Amin7,G#7,G7,G#7,Gmin7,C7,D7,G7,F#min7,Fmin7,Emin7,A7,D7,F7,Emin7,D#7,,,,,,,,,,,,,,,,,,,,,,,,,,,
10-x-10-11-x-x,11-x-10-11-x-x,10-x-9-10-x-x,x-11-12-10-12-x,x-9-10-9-10-x,12-x-10-12-x-x,11-x-10-11-x-x,10-x-9-10-x-x,11-x-10-11-x-x,10-x-8-10-x-x,8-x-8-9-x-x,10-x-10-11-x-x,10-x-9-10-x-x,9-x-7-9-x-x,8-x-6-8-x-x,7-x-5-7-x-x,5-x-5-6-x-x,5-x-4-5-x-x,8-x-7-8-x-x,7-x-5-7-x-x,6-x-5-6-x-x,,,,,,,,,,,,,,,,,,,,,,,,,,,
Two's Blues_copy,,,,,,,,,,,,,,,,,,,,,,,,,,,,,,,,,,,,,,,,,,,,,,,
D#7,D#7f9,G#7,Adim7,D#9,A#min7,A7,G#7,A7,G#min7,C#7,D#7,G#7,Gmin7,F#min7,Fmin7,A#7,D#7,F#7,Fmin7,E7,,,,,,,,,,,,,,,,,,,,,,,,,,,
11-x-11-12-x-x,12-x-11-12-x-x,11-x-10-11-x-x,x-12-13-11-13-x,x-10-11-10-11-x,13-x-11-13-x-x,12-x-11-12-x-x,11-x-10-11-x-x,12-x-11-12-x-x,11-x-9-11-x-x,9-x-9-10-x-x,11-x-11-12-x-x,11-x-10-11-x-x,10-x-8-10-x-x,9-x-7-9-x-x,8-x-6-8-x-x,6-x-6-7-x-x,6-x-5-6-x-x,9-x-8-9-x-x,8-x-6-8-x-x,7-x-6-7-x-x,,,,,,,,,,,,,,,,,,,,,,,,,,,
Two's Blues_copy,,,,,,,,,,,,,,,,,,,,,,,,,,,,,,,,,,,,,,,,,,,,,,,
E7,E7f9,A7,A#dim7,E9,Bmin7,A#7,A7,A#7,Amin7,D7,E7,A7,G#min7,Gmin7,F#min7,B7,E7,G7,F#min7,F7,,,,,,,,,,,,,,,,,,,,,,,,,,,
12-x-12-13-x-x,13-x-12-13-x-x,12-x-11-12-x-x,x-13-14-12-14-x,x-11-12-11-12-x,14-x-12-14-x-x,13-x-12-13-x-x,12-x-11-12-x-x,13-x-12-13-x-x,12-x-10-12-x-x,10-x-10-11-x-x,12-x-12-13-x-x,12-x-11-12-x-x,11-x-9-11-x-x,10-x-8-10-x-x,9-x-7-9-x-x,7-x-7-8-x-x,7-x-6-7-x-x,10-x-9-10-x-x,9-x-7-9-x-x,8-x-7-8-x-x,,,,,,,,,,,,,,,,,,,,,,,,,,,
Two's Blues_copy,,,,,,,,,,,,,,,,,,,,,,,,,,,,,,,,,,,,,,,,,,,,,,,
F7,F7f9,A#7,Bdim7,F9,Cmin7,B7,A#7,B7,A#min7,D#7,F7,A#7,Amin7,G#min7,Gmin7,C7,F7,G#7,Gmin7,F#7,,,,,,,,,,,,,,,,,,,,,,,,,,,
13-x-13-14-x-x,14-x-13-14-x-x,13-x-12-13-x-x,x-14-15-13-15-x,x-12-13-12-13-x,15-x-13-15-x-x,14-x-13-14-x-x,13-x-12-13-x-x,14-x-13-14-x-x,13-x-11-13-x-x,11-x-11-12-x-x,13-x-13-14-x-x,13-x-12-13-x-x,12-x-10-12-x-x,11-x-9-11-x-x,10-x-8-10-x-x,8-x-8-9-x-x,8-x-7-8-x-x,11-x-10-11-x-x,10-x-8-10-x-x,9-x-8-9-x-x,,,,,,,,,,,,,,,,,,,,,,,,,,,
Two's Blues_copy,,,,,,,,,,,,,,,,,,,,,,,,,,,,,,,,,,,,,,,,,,,,,,,
F#7,F#7f9,B7,Cdim7,F#9,C#min7,C7,B7,C7,Bmin7,E7,F#7,B7,A#min7,Amin7,G#min7,C#7,F#7,A7,G#min7,G7,,,,,,,,,,,,,,,,,,,,,,,,,,,
14-x-14-15-x-x,15-x-14-15-x-x,14-x-13-14-x-x,x-15-16-14-16-x,x-13-14-13-14-x,16-x-14-16-x-x,15-x-14-15-x-x,14-x-13-14-x-x,15-x-14-15-x-x,14-x-12-14-x-x,12-x-12-13-x-x,14-x-14-15-x-x,14-x-13-14-x-x,13-x-11-13-x-x,12-x-10-12-x-x,11-x-9-11-x-x,9-x-9-10-x-x,9-x-8-9-x-x,12-x-11-12-x-x,11-x-9-11-x-x,10-x-9-10-x-x,,,,,,,,,,,,,,,,,,,,,,,,,,,
Two's Blues_copy,,,,,,,,,,,,,,,,,,,,,,,,,,,,,,,,,,,,,,,,,,,,,,,
G7,G7f9,C7,C#dim7,G9,Dmin7,C#7,C7,C#7,Cmin7,F7,G7,C7,Bmin7,A#min7,Amin7,D7,G7,A#7,Amin7,G#7,,,,,,,,,,,,,,,,,,,,,,,,,,,
15-x-15-16-x-x,16-x-15-16-x-x,15-x-14-15-x-x,x-16-17-15-17-x,x-14-15-14-15-x,17-x-15-17-x-x,16-x-15-16-x-x,15-x-14-15-x-x,16-x-15-16-x-x,15-x-13-15-x-x,13-x-13-14-x-x,15-x-15-16-x-x,15-x-14-15-x-x,14-x-12-14-x-x,13-x-11-13-x-x,12-x-10-12-x-x,10-x-10-11-x-x,10-x-9-10-x-x,13-x-12-13-x-x,12-x-10-12-x-x,11-x-10-11-x-x,,,,,,,,,,,,,,,,,,,,,,,,,,,
Two's Blues_copy,,,,,,,,,,,,,,,,,,,,,,,,,,,,,,,,,,,,,,,,,,,,,,,
G#7,G#7f9,C#7,Ddim7,G#9,D#min7,D7,C#7,D7,C#min7,F#7,G#7,C#7,Cmin7,Bmin7,A#min7,D#7,G#7,B7,A#min7,A7,,,,,,,,,,,,,,,,,,,,,,,,,,,
16-x-16-17-x-x,17-x-16-17-x-x,16-x-15-16-x-x,x-17-18-16-18-x,x-15-16-15-16-x,18-x-16-18-x-x,17-x-16-17-x-x,16-x-15-16-x-x,17-x-16-17-x-x,16-x-14-16-x-x,14-x-14-15-x-x,16-x-16-17-x-x,16-x-15-16-x-x,15-x-13-15-x-x,14-x-12-14-x-x,13-x-11-13-x-x,11-x-11-12-x-x,11-x-10-11-x-x,14-x-13-14-x-x,13-x-11-13-x-x,12-x-11-12-x-x,,,,,,,,,,,,,,,,,,,,,,,,,,,
Slow Funky Shuffle,,,,,,,,,,,,,,,,,,,,,,,,,,,,,,,,,,,,,,,,,,,,,,,
F7,Cmin7,F,Cmin7,F7,Cmin7,F,Cmin7,F7,Cmin7,F,A#6,F,Cmin7,F7,B7,A#7,Fmin7,A#,D#6,A#,Fmin7,A#7,F#7,F7,Cmin7,F,A#6,F,Cmin7,F7,C#7,C7,Gmin7,C7,B7,A#7,Fmin7,A#7,C7f9,F,F7,A#6,A#min6,F,C#7,C7,C7f5
1-x-1-2-x-x,3-x-1-3-x-x,5-x-3-5-x-x,3-x-1-3-x-x,1-x-1-2-x-x,3-x-1-3-x-x,5-x-3-5-x-x,3-x-1-3-x-x,1-x-1-2-x-x,3-x-1-3-x-x,5-x-3-5-x-x,6-x-5-7-x-x,5-x-3-5-x-x,3-x-1-3-x-x,1-x-1-2-x-x,7-x-7-8-x-x,6-x-6-7-x-x,8-x-6-8-x-x,10-x-8-10-x-x,11-x-10-12-x-x,10-x-8-10-x-x,8-x-6-8-x-x,6-x-6-7-x-x,2-x-2-3-x-x,1-x-1-2-x-x,3-x-1-3-x-x,5-x-3-5-x-x,6-x-5-7-x-x,5-x-3-5-x-x,3-x-1-3-x-x,1-x-1-2-x-x,9-x-9-10-x-x,8-x-8-9-x-x,10-x-8-10-x-x,8-x-8-9-x-x,7-x-7-8-x-x,6-x-6-7-x-x,8-x-6-8-x-x,6-x-6-7-x-x,9-x-8-9-x-x,8-x-7-10-x-x,8-x-7-8-x-x,6-x-5-7-x-x,6-x-5-6-x-x,5-x-3-5-x-x,4-x-3-4-x-x,3-x-2-3-x-x,2-x-2-3-x-x
Slow Funky Shuffle_copy,,,,,,,,,,,,,,,,,,,,,,,,,,,,,,,,,,,,,,,,,,,,,,,
F7,Cmin7,F,Cmin7,F7,Cmin7,F,Cmin7,F7,Cmin7,F,A#6,F,Cmin7,F7,B7,A#7,Fmin7,A#,D#6,A#,Fmin7,A#7,F#7,F7,Cmin7,F,A#6,F,Cmin7,F7,C#7,C7,Gmin7,C7,B7,A#7,Fmin7,A#7,C7f9,F,F7,A#6,A#min6,F,C#7,C7,C7f5
1-x-1-2-x-x,3-x-1-3-x-x,5-x-3-5-x-x,3-x-1-3-x-x,1-x-1-2-x-x,3-x-1-3-x-x,5-x-3-5-x-x,3-x-1-3-x-x,1-x-1-2-x-x,3-x-1-3-x-x,5-x-3-5-x-x,6-x-5-7-x-x,5-x-3-5-x-x,3-x-1-3-x-x,1-x-1-2-x-x,7-x-7-8-x-x,6-x-6-7-x-x,8-x-6-8-x-x,10-x-8-10-x-x,11-x-10-12-x-x,10-x-8-10-x-x,8-x-6-8-x-x,6-x-6-7-x-x,2-x-2-3-x-x,1-x-1-2-x-x,3-x-1-3-x-x,5-x-3-5-x-x,6-x-5-7-x-x,5-x-3-5-x-x,3-x-1-3-x-x,1-x-1-2-x-x,9-x-9-10-x-x,8-x-8-9-x-x,10-x-8-10-x-x,8-x-8-9-x-x,7-x-7-8-x-x,6-x-6-7-x-x,8-x-6-8-x-x,6-x-6-7-x-x,9-x-8-9-x-x,8-x-7-10-x-x,8-x-7-8-x-x,6-x-5-7-x-x,6-x-5-6-x-x,5-x-3-5-x-x,4-x-3-4-x-x,3-x-2-3-x-x,2-x-2-3-x-x
Slow Funky Shuffle_copy,,,,,,,,,,,,,,,,,,,,,,,,,,,,,,,,,,,,,,,,,,,,,,,
F#7,C#min7,F#,C#min7,F#7,C#min7,F#,C#min7,F#7,C#min7,F#,B6,F#,C#min7,F#7,C7,B7,F#min7,B,E6,B,F#min7,B7,G7,F#7,C#min7,F#,B6,F#,C#min7,F#7,D7,C#7,G#min7,C#7,C7,B7,F#min7,B7,C#7f9,F#,F#7,B6,Bmin6,F#,D7,C#7,C#7f5
2-x-2-3-x-x,4-x-2-4-x-x,6-x-4-6-x-x,4-x-2-4-x-x,2-x-2-3-x-x,4-x-2-4-x-x,6-x-4-6-x-x,4-x-2-4-x-x,2-x-2-3-x-x,4-x-2-4-x-x,6-x-4-6-x-x,7-x-6-8-x-x,6-x-4-6-x-x,4-x-2-4-x-x,2-x-2-3-x-x,8-x-8-9-x-x,7-x-7-8-x-x,9-x-7-9-x-x,11-x-9-11-x-x,12-x-11-13-x-x,11-x-9-11-x-x,9-x-7-9-x-x,7-x-7-8-x-x,3-x-3-4-x-x,2-x-2-3-x-x,4-x-2-4-x-x,6-x-4-6-x-x,7-x-6-8-x-x,6-x-4-6-x-x,4-x-2-4-x-x,2-x-2-3-x-x,10-x-10-11-x-x,9-x-9-10-x-x,11-x-9-11-x-x,9-x-9-10-x-x,8-x-8-9-x-x,7-x-7-8-x-x,9-x-7-9-x-x,7-x-7-8-x-x,10-x-9-10-x-x,9-x-8-11-x-x,9-x-8-9-x-x,7-x-6-8-x-x,7-x-6-7-x-x,6-x-4-6-x-x,5-x-4-5-x-x,4-x-3-4-x-x,3-x-3-4-x-x
Slow Funky Shuffle_copy,,,,,,,,,,,,,,,,,,,,,,,,,,,,,,,,,,,,,,,,,,,,,,,
G7,Dmin7,G,Dmin7,G7,Dmin7,G,Dmin7,G7,Dmin7,G,C6,G,Dmin7,G7,C#7,C7,Gmin7,C,F6,C,Gmin7,C7,G#7,G7,Dmin7,G,C6,G,Dmin7,G7,D#7,D7,Amin7,D7,C#7,C7,Gmin7,C7,D7f9,G,G7,C6,Cmin6,G,D#7,D7,D7f5
3-x-3-4-x-x,5-x-3-5-x-x,7-x-5-7-x-x,5-x-3-5-x-x,3-x-3-4-x-x,5-x-3-5-x-x,7-x-5-7-x-x,5-x-3-5-x-x,3-x-3-4-x-x,5-x-3-5-x-x,7-x-5-7-x-x,8-x-7-9-x-x,7-x-5-7-x-x,5-x-3-5-x-x,3-x-3-4-x-x,9-x-9-10-x-x,8-x-8-9-x-x,10-x-8-10-x-x,12-x-10-12-x-x,13-x-12-14-x-x,12-x-10-12-x-x,10-x-8-10-x-x,8-x-8-9-x-x,4-x-4-5-x-x,3-x-3-4-x-x,5-x-3-5-x-x,7-x-5-7-x-x,8-x-7-9-x-x,7-x-5-7-x-x,5-x-3-5-x-x,3-x-3-4-x-x,11-x-11-12-x-x,10-x-10-11-x-x,12-x-10-12-x-x,10-x-10-11-x-x,9-x-9-10-x-x,8-x-8-9-x-x,10-x-8-10-x-x,8-x-8-9-x-x,11-x-10-11-x-x,10-x-9-12-x-x,10-x-9-10-x-x,8-x-7-9-x-x,8-x-7-8-x-x,7-x-5-7-x-x,6-x-5-6-x-x,5-x-4-5-x-x,4-x-4-5-x-x
Slow Funky Shuffle_copy,,,,,,,,,,,,,,,,,,,,,,,,,,,,,,,,,,,,,,,,,,,,,,,
G#7,D#min7,G#,D#min7,G#7,D#min7,G#,D#min7,G#7,D#min7,G#,C#6,G#,D#min7,G#7,D7,C#7,G#min7,C#,F#6,C#,G#min7,C#7,A7,G#7,D#min7,G#,C#6,G#,D#min7,G#7,E7,D#7,A#min7,D#7,D7,C#7,G#min7,C#7,D#7f9,G#,G#7,C#6,C#min6,G#,E7,D#7,D#7f5
4-x-4-5-x-x,6-x-4-6-x-x,8-x-6-8-x-x,6-x-4-6-x-x,4-x-4-5-x-x,6-x-4-6-x-x,8-x-6-8-x-x,6-x-4-6-x-x,4-x-4-5-x-x,6-x-4-6-x-x,8-x-6-8-x-x,9-x-8-10-x-x,8-x-6-8-x-x,6-x-4-6-x-x,4-x-4-5-x-x,10-x-10-11-x-x,9-x-9-10-x-x,11-x-9-11-x-x,13-x-11-13-x-x,14-x-13-15-x-x,13-x-11-13-x-x,11-x-9-11-x-x,9-x-9-10-x-x,5-x-5-6-x-x,4-x-4-5-x-x,6-x-4-6-x-x,8-x-6-8-x-x,9-x-8-10-x-x,8-x-6-8-x-x,6-x-4-6-x-x,4-x-4-5-x-x,12-x-12-13-x-x,11-x-11-12-x-x,13-x-11-13-x-x,11-x-11-12-x-x,10-x-10-11-x-x,9-x-9-10-x-x,11-x-9-11-x-x,9-x-9-10-x-x,12-x-11-12-x-x,11-x-10-13-x-x,11-x-10-11-x-x,9-x-8-10-x-x,9-x-8-9-x-x,8-x-6-8-x-x,7-x-6-7-x-x,6-x-5-6-x-x,5-x-5-6-x-x
Slow Funky Shuffle_copy,,,,,,,,,,,,,,,,,,,,,,,,,,,,,,,,,,,,,,,,,,,,,,,
A7,Emin7,A,Emin7,A7,Emin7,A,Emin7,A7,Emin7,A,D6,A,Emin7,A7,D#7,D7,Amin7,D,G6,D,Amin7,D7,A#7,A7,Emin7,A,D6,A,Emin7,A7,F7,E7,Bmin7,E7,D#7,D7,Amin7,D7,E7f9,A,A7,D6,Dmin6,A,F7,E7,E7f5
5-x-5-6-x-x,7-x-5-7-x-x,9-x-7-9-x-x,7-x-5-7-x-x,5-x-5-6-x-x,7-x-5-7-x-x,9-x-7-9-x-x,7-x-5-7-x-x,5-x-5-6-x-x,7-x-5-7-x-x,9-x-7-9-x-x,10-x-9-11-x-x,9-x-7-9-x-x,7-x-5-7-x-x,5-x-5-6-x-x,11-x-11-12-x-x,10-x-10-11-x-x,12-x-10-12-x-x,14-x-12-14-x-x,15-x-14-16-x-x,14-x-12-14-x-x,12-x-10-12-x-x,10-x-10-11-x-x,6-x-6-7-x-x,5-x-5-6-x-x,7-x-5-7-x-x,9-x-7-9-x-x,10-x-9-11-x-x,9-x-7-9-x-x,7-x-5-7-x-x,5-x-5-6-x-x,13-x-13-14-x-x,12-x-12-13-x-x,14-x-12-14-x-x,12-x-12-13-x-x,11-x-11-12-x-x,10-x-10-11-x-x,12-x-10-12-x-x,10-x-10-11-x-x,13-x-12-13-x-x,12-x-11-14-x-x,12-x-11-12-x-x,10-x-9-11-x-x,10-x-9-10-x-x,9-x-7-9-x-x,8-x-7-8-x-x,7-x-6-7-x-x,6-x-6-7-x-x
Slow Funky Shuffle_copy,,,,,,,,,,,,,,,,,,,,,,,,,,,,,,,,,,,,,,,,,,,,,,,
A#7,Fmin7,A#,Fmin7,A#7,Fmin7,A#,Fmin7,A#7,Fmin7,A#,D#6,A#,Fmin7,A#7,E7,D#7,A#min7,D#,G#6,D#,A#min7,D#7,B7,A#7,Fmin7,A#,D#6,A#,Fmin7,A#7,F#7,F7,Cmin7,F7,E7,D#7,A#min7,D#7,F7f9,A#,A#7,D#6,D#min6,A#,F#7,F7,F7f5
6-x-6-7-x-x,8-x-6-8-x-x,10-x-8-10-x-x,8-x-6-8-x-x,6-x-6-7-x-x,8-x-6-8-x-x,10-x-8-10-x-x,8-x-6-8-x-x,6-x-6-7-x-x,8-x-6-8-x-x,10-x-8-10-x-x,11-x-10-12-x-x,10-x-8-10-x-x,8-x-6-8-x-x,6-x-6-7-x-x,12-x-12-13-x-x,11-x-11-12-x-x,13-x-11-13-x-x,15-x-13-15-x-x,16-x-15-17-x-x,15-x-13-15-x-x,13-x-11-13-x-x,11-x-11-12-x-x,7-x-7-8-x-x,6-x-6-7-x-x,8-x-6-8-x-x,10-x-8-10-x-x,11-x-10-12-x-x,10-x-8-10-x-x,8-x-6-8-x-x,6-x-6-7-x-x,14-x-14-15-x-x,13-x-13-14-x-x,15-x-13-15-x-x,13-x-13-14-x-x,12-x-12-13-x-x,11-x-11-12-x-x,13-x-11-13-x-x,11-x-11-12-x-x,14-x-13-14-x-x,13-x-12-15-x-x,13-x-12-13-x-x,11-x-10-12-x-x,11-x-10-11-x-x,10-x-8-10-x-x,9-x-8-9-x-x,8-x-7-8-x-x,7-x-7-8-x-x
Slow Funky Shuffle_copy,,,,,,,,,,,,,,,,,,,,,,,,,,,,,,,,,,,,,,,,,,,,,,,
B7,F#min7,B,F#min7,B7,F#min7,B,F#min7,B7,F#min7,B,E6,B,F#min7,B7,F7,E7,Bmin7,E,A6,E,Bmin7,E7,C7,B7,F#min7,B,E6,B,F#min7,B7,G7,F#7,C#min7,F#7,F7,E7,Bmin7,E7,F#7f9,B,B7,E6,Emin6,B,G7,F#7,F#7f5
7-x-7-8-x-x,9-x-7-9-x-x,11-x-9-11-x-x,9-x-7-9-x-x,7-x-7-8-x-x,9-x-7-9-x-x,11-x-9-11-x-x,9-x-7-9-x-x,7-x-7-8-x-x,9-x-7-9-x-x,11-x-9-11-x-x,12-x-11-13-x-x,11-x-9-11-x-x,9-x-7-9-x-x,7-x-7-8-x-x,13-x-13-14-x-x,12-x-12-13-x-x,14-x-12-14-x-x,16-x-14-16-x-x,17-x-16-18-x-x,16-x-14-16-x-x,14-x-12-14-x-x,12-x-12-13-x-x,8-x-8-9-x-x,7-x-7-8-x-x,9-x-7-9-x-x,11-x-9-11-x-x,12-x-11-13-x-x,11-x-9-11-x-x,9-x-7-9-x-x,7-x-7-8-x-x,15-x-15-16-x-x,14-x-14-15-x-x,16-x-14-16-x-x,14-x-14-15-x-x,13-x-13-14-x-x,12-x-12-13-x-x,14-x-12-14-x-x,12-x-12-13-x-x,15-x-14-15-x-x,14-x-13-16-x-x,14-x-13-14-x-x,12-x-11-13-x-x,12-x-11-12-x-x,11-x-9-11-x-x,10-x-9-10-x-x,9-x-8-9-x-x,8-x-8-9-x-x
Slow Blues,,,,,,,,,,,,,,,,,,,,,,,,,,,,,,,,,,,,,,,,,,,,,,,
G,G7f9,Emin7,D#min7,Dmin7,D#min7,Dmin7,C#7,C7,C9,Dmin7,C#7,C7,Dmin7,C9,Cmin6,,,,,,,,,,,,,,,,,,,,,,,,,,,,,,,,
10-x-9-12-x-x,13-x-12-13-x-x,12-x-12-12-x-x,11-x-11-11-x-x,10-x-10-10-x-x,11-x-11-11-x-x,10-x-10-10-x-x,9-x-9-10-x-x,8-x-8-9-x-x,6-x-5-7-x-x,5-x-3-5-x-x,4-x-3-4-x-x,3-x-2-3-x-x,5-x-3-5-x-x,6-x-5-7-x-x,8-x-7-8-x-x,,,,,,,,,,,,,,,,,,,,,,,,,,,,,,,,
Slow Blues_copy,,,,,,,,,,,,,,,,,,,,,,,,,,,,,,,,,,,,,,,,,,,,,,,
F#,F#7f9,D#min7,Dmin7,C#min7,Dmin7,C#min7,C7,B7,B9,C#min7,C7,B7,C#min7,B9,Bmin6,,,,,,,,,,,,,,,,,,,,,,,,,,,,,,,,
9-x-8-11-x-x,12-x-11-12-x-x,11-x-11-11-x-x,10-x-10-10-x-x,9-x-9-9-x-x,10-x-10-10-x-x,9-x-9-9-x-x,8-x-8-9-x-x,7-x-7-8-x-x,5-x-4-6-x-x,4-x-2-4-x-x,3-x-2-3-x-x,2-x-1-2-x-x,4-x-2-4-x-x,5-x-4-6-x-x,7-x-6-7-x-x,,,,,,,,,,,,,,,,,,,,,,,,,,,,,,,,
Slow Blues_copy,,,,,,,,,,,,,,,,,,,,,,,,,,,,,,,,,,,,,,,,,,,,,,,
G,G7f9,Emin7,D#min7,Dmin7,D#min7,Dmin7,C#7,C7,C9,Dmin7,C#7,C7,Dmin7,C9,Cmin6,,,,,,,,,,,,,,,,,,,,,,,,,,,,,,,,
10-x-9-12-x-x,13-x-12-13-x-x,12-x-12-12-x-x,11-x-11-11-x-x,10-x-10-10-x-x,11-x-11-11-x-x,10-x-10-10-x-x,9-x-9-10-x-x,8-x-8-9-x-x,6-x-5-7-x-x,5-x-3-5-x-x,4-x-3-4-x-x,3-x-2-3-x-x,5-x-3-5-x-x,6-x-5-7-x-x,8-x-7-8-x-x,,,,,,,,,,,,,,,,,,,,,,,,,,,,,,,,
Slow Blues_copy,,,,,,,,,,,,,,,,,,,,,,,,,,,,,,,,,,,,,,,,,,,,,,,
G#,G#7f9,Fmin7,Emin7,D#min7,Emin7,D#min7,D7,C#7,C#9,D#min7,D7,C#7,D#min7,C#9,C#min6,,,,,,,,,,,,,,,,,,,,,,,,,,,,,,,,
11-x-10-13-x-x,14-x-13-14-x-x,13-x-13-13-x-x,12-x-12-12-x-x,11-x-11-11-x-x,12-x-12-12-x-x,11-x-11-11-x-x,10-x-10-11-x-x,9-x-9-10-x-x,7-x-6-8-x-x,6-x-4-6-x-x,5-x-4-5-x-x,4-x-3-4-x-x,6-x-4-6-x-x,7-x-6-8-x-x,9-x-8-9-x-x,,,,,,,,,,,,,,,,,,,,,,,,,,,,,,,,
Slow Blues_copy,,,,,,,,,,,,,,,,,,,,,,,,,,,,,,,,,,,,,,,,,,,,,,,
A,A7f9,F#min7,Fmin7,Emin7,Fmin7,Emin7,D#7,D7,D9,Emin7,D#7,D7,Emin7,D9,Dmin6,,,,,,,,,,,,,,,,,,,,,,,,,,,,,,,,
12-x-11-14-x-x,15-x-14-15-x-x,14-x-14-14-x-x,13-x-13-13-x-x,12-x-12-12-x-x,13-x-13-13-x-x,12-x-12-12-x-x,11-x-11-12-x-x,10-x-10-11-x-x,8-x-7-9-x-x,7-x-5-7-x-x,6-x-5-6-x-x,5-x-4-5-x-x,7-x-5-7-x-x,8-x-7-9-x-x,10-x-9-10-x-x,,,,,,,,,,,,,,,,,,,,,,,,,,,,,,,,
Slow Blues_copy,,,,,,,,,,,,,,,,,,,,,,,,,,,,,,,,,,,,,,,,,,,,,,,
A#,A#7f9,Gmin7,F#min7,Fmin7,F#min7,Fmin7,E7,D#7,D#9,Fmin7,E7,D#7,Fmin7,D#9,D#min6,,,,,,,,,,,,,,,,,,,,,,,,,,,,,,,,
13-x-12-15-x-x,16-x-15-16-x-x,15-x-15-15-x-x,14-x-14-14-x-x,13-x-13-13-x-x,14-x-14-14-x-x,13-x-13-13-x-x,12-x-12-13-x-x,11-x-11-12-x-x,9-x-8-10-x-x,8-x-6-8-x-x,7-x-6-7-x-x,6-x-5-6-x-x,8-x-6-8-x-x,9-x-8-10-x-x,11-x-10-11-x-x,,,,,,,,,,,,,,,,,,,,,,,,,,,,,,,,
Slow Blues_copy,,,,,,,,,,,,,,,,,,,,,,,,,,,,,,,,,,,,,,,,,,,,,,,
B,B7f9,G#min7,Gmin7,F#min7,Gmin7,F#min7,F7,E7,E9,F#min7,F7,E7,F#min7,E9,Emin6,,,,,,,,,,,,,,,,,,,,,,,,,,,,,,,,
14-x-13-16-x-x,17-x-16-17-x-x,16-x-16-16-x-x,15-x-15-15-x-x,14-x-14-14-x-x,15-x-15-15-x-x,14-x-14-14-x-x,13-x-13-14-x-x,12-x-12-13-x-x,10-x-9-11-x-x,9-x-7-9-x-x,8-x-7-8-x-x,7-x-6-7-x-x,9-x-7-9-x-x,10-x-9-11-x-x,12-x-11-12-x-x,,,,,,,,,,,,,,,,,,,,,,,,,,,,,,,,
Slow Blues_copy,,,,,,,,,,,,,,,,,,,,,,,,,,,,,,,,,,,,,,,,,,,,,,,
C,C7f9,Amin7,G#min7,Gmin7,G#min7,Gmin7,F#7,F7,F9,Gmin7,F#7,F7,Gmin7,F9,Fmin6,,,,,,,,,,,,,,,,,,,,,,,,,,,,,,,,
15-x-14-17-x-x,18-x-17-18-x-x,17-x-17-17-x-x,16-x-16-16-x-x,15-x-15-15-x-x,16-x-16-16-x-x,15-x-15-15-x-x,14-x-14-15-x-x,13-x-13-14-x-x,11-x-10-12-x-x,10-x-8-10-x-x,9-x-8-9-x-x,8-x-7-8-x-x,10-x-8-10-x-x,11-x-10-12-x-x,13-x-12-13-x-x,,,,,,,,,,,,,,,,,,,,,,,,,,,,,,,,
Herbie's Here,,,,,,,,,,,,,,,,,,,,,,,,,,,,,,,,,,,,,,,,,,,,,,,
G7,Dmin7,F#,G,C7,Gmin7,B,C,G,G7,C6,Cmin6,G,D7,G7,C#7,C7,Dmin7,C9,B7,C7,G7,C7,Cmin6,G,Cmin6,G,D7,G7,F7,E7,A#min7,Amin7,Bmin7,Amin,C#7,D7,D#7,D7,G#7,G,F7,E7,A#7,A7,D#7,D7,G#7
3-x-3-4-x-x,5-x-3-5-x-x,6-x-4-6-x-x,7-x-5-7-x-x,8-x-8-9-x-x,10-x-8-10-x-x,11-x-9-11-x-x,12-x-10-12-x-x,10-x-9-12-x-x,10-x-9-10-x-x,8-x-7-9-x-x,8-x-7-8-x-x,7-x-5-7-x-x,5-x-4-5-x-x,3-x-3-4-x-x,4-x-3-4-x-x,3-x-2-3-x-x,5-x-3-5-x-x,6-x-5-7-x-x,7-x-7-8-x-x,8-x-8-9-x-x,10-x-9-10-x-x,8-x-8-9-x-x,8-x-7-8-x-x,7-x-5-7-x-x,8-x-7-8-x-x,7-x-5-7-x-x,5-x-4-5-x-x,3-x-3-4-x-x,1-x-1-2-x-x,0-x-0-1-x-x,6-x-6-6-x-x,5-x-5-5-x-x,7-x-7-7-x-x,8-x-7-9-x-x,9-x-9-10-x-x,10-x-10-11-x-x,11-x-11-12-x-x,10-x-10-11-x-x,11-x-10-11-x-x,10-x-9-12-x-x,8-x-7-8-x-x,7-x-6-7-x-x,6-x-6-7-x-x,5-x-5-6-x-x,6-x-5-6-x-x,5-x-4-5-x-x,4-x-4-5-x-x
Herbie's Here_copy,,,,,,,,,,,,,,,,,,,,,,,,,,,,,,,,,,,,,,,,,,,,,,,
G#7,D#min7,G,G#,C#7,G#min7,C,C#,G#,G#7,C#6,C#min6,G#,D#7,G#7,D7,C#7,D#min7,C#9,C7,C#7,G#7,C#7,C#min6,G#,C#min6,G#,D#7,G#7,F#7,F7,Bmin7,A#min7,Cmin7,A#min,D7,D#7,E7,D#7,A7,G#,F#7,F7,B7,A#7,E7,D#7,A7
4-x-4-5-x-x,6-x-4-6-x-x,7-x-5-7-x-x,8-x-6-8-x-x,9-x-9-10-x-x,11-x-9-11-x-x,12-x-10-12-x-x,13-x-11-13-x-x,11-x-10-13-x-x,11-x-10-11-x-x,9-x-8-10-x-x,9-x-8-9-x-x,8-x-6-8-x-x,6-x-5-6-x-x,4-x-4-5-x-x,5-x-4-5-x-x,4-x-3-4-x-x,6-x-4-6-x-x,7-x-6-8-x-x,8-x-8-9-x-x,9-x-9-10-x-x,11-x-10-11-x-x,9-x-9-10-x-x,9-x-8-9-x-x,8-x-6-8-x-x,9-x-8-9-x-x,8-x-6-8-x-x,6-x-5-6-x-x,4-x-4-5-x-x,2-x-2-3-x-x,1-x-1-2-x-x,7-x-7-7-x-x,6-x-6-6-x-x,8-x-8-8-x-x,9-x-8-10-x-x,10-x-10-11-x-x,11-x-11-12-x-x,12-x-12-13-x-x,11-x-11-12-x-x,12-x-11-12-x-x,11-x-10-13-x-x,9-x-8-9-x-x,8-x-7-8-x-x,7-x-7-8-x-x,6-x-6-7-x-x,7-x-6-7-x-x,6-x-5-6-x-x,5-x-5-6-x-x
Herbie's Here_copy,,,,,,,,,,,,,,,,,,,,,,,,,,,,,,,,,,,,,,,,,,,,,,,
A7,Emin7,G#,A,D7,Amin7,C#,D,A,A7,D6,Dmin6,A,E7,A7,D#7,D7,Emin7,D9,C#7,D7,A7,D7,Dmin6,A,Dmin6,A,E7,A7,G7,F#7,Cmin7,Bmin7,C#min7,Bmin,D#7,E7,F7,E7,A#7,A,G7,F#7,C7,B7,F7,E7,A#7
5-x-5-6-x-x,7-x-5-7-x-x,8-x-6-8-x-x,9-x-7-9-x-x,10-x-10-11-x-x,12-x-10-12-x-x,13-x-11-13-x-x,14-x-12-14-x-x,12-x-11-14-x-x,12-x-11-12-x-x,10-x-9-11-x-x,10-x-9-10-x-x,9-x-7-9-x-x,7-x-6-7-x-x,5-x-5-6-x-x,6-x-5-6-x-x,5-x-4-5-x-x,7-x-5-7-x-x,8-x-7-9-x-x,9-x-9-10-x-x,10-x-10-11-x-x,12-x-11-12-x-x,10-x-10-11-x-x,10-x-9-10-x-x,9-x-7-9-x-x,10-x-9-10-x-x,9-x-7-9-x-x,7-x-6-7-x-x,5-x-5-6-x-x,3-x-3-4-x-x,2-x-2-3-x-x,8-x-8-8-x-x,7-x-7-7-x-x,9-x-9-9-x-x,10-x-9-11-x-x,11-x-11-12-x-x,12-x-12-13-x-x,13-x-13-14-x-x,12-x-12-13-x-x,13-x-12-13-x-x,12-x-11-14-x-x,10-x-9-10-x-x,9-x-8-9-x-x,8-x-8-9-x-x,7-x-7-8-x-x,8-x-7-8-x-x,7-x-6-7-x-x,6-x-6-7-x-x
Herbie's Here_copy,,,,,,,,,,,,,,,,,,,,,,,,,,,,,,,,,,,,,,,,,,,,,,,
A#7,Fmin7,A,A#,D#7,A#min7,D,D#,A#,A#7,D#6,D#min6,A#,F7,A#7,E7,D#7,Fmin7,D#9,D7,D#7,A#7,D#7,D#min6,A#,D#min6,A#,F7,A#7,G#7,G7,C#min7,Cmin7,Dmin7,Cmin,E7,F7,F#7,F7,B7,A#,G#7,G7,C#7,C7,F#7,F7,B7
6-x-6-7-x-x,8-x-6-8-x-x,9-x-7-9-x-x,10-x-8-10-x-x,11-x-11-12-x-x,13-x-11-13-x-x,14-x-12-14-x-x,15-x-13-15-x-x,13-x-12-15-x-x,13-x-12-13-x-x,11-x-10-12-x-x,11-x-10-11-x-x,10-x-8-10-x-x,8-x-7-8-x-x,6-x-6-7-x-x,7-x-6-7-x-x,6-x-5-6-x-x,8-x-6-8-x-x,9-x-8-10-x-x,10-x-10-11-x-x,11-x-11-12-x-x,13-x-12-13-x-x,11-x-11-12-x-x,11-x-10-11-x-x,10-x-8-10-x-x,11-x-10-11-x-x,10-x-8-10-x-x,8-x-7-8-x-x,6-x-6-7-x-x,4-x-4-5-x-x,3-x-3-4-x-x,9-x-9-9-x-x,8-x-8-8-x-x,10-x-10-10-x-x,11-x-10-12-x-x,12-x-12-13-x-x,13-x-13-14-x-x,14-x-14-15-x-x,13-x-13-14-x-x,14-x-13-14-x-x,13-x-12-15-x-x,11-x-10-11-x-x,10-x-9-10-x-x,9-x-9-10-x-x,8-x-8-9-x-x,9-x-8-9-x-x,8-x-7-8-x-x,7-x-7-8-x-x
Herbie's Here_copy,,,,,,,,,,,,,,,,,,,,,,,,,,,,,,,,,,,,,,,,,,,,,,,
B7,F#min7,A#,B,E7,Bmin7,D#,E,B,B7,E6,Emin6,B,F#7,B7,F7,E7,F#min7,E9,D#7,E7,B7,E7,Emin6,B,Emin6,B,F#7,B7,A7,G#7,Dmin7,C#min7,D#min7,C#min,F7,F#7,G7,F#7,C7,B,A7,G#7,D7,C#7,G7,F#7,C7
7-x-7-8-x-x,9-x-7-9-x-x,10-x-8-10-x-x,11-x-9-11-x-x,12-x-12-13-x-x,14-x-12-14-x-x,15-x-13-15-x-x,16-x-14-16-x-x,14-x-13-16-x-x,14-x-13-14-x-x,12-x-11-13-x-x,12-x-11-12-x-x,11-x-9-11-x-x,9-x-8-9-x-x,7-x-7-8-x-x,8-x-7-8-x-x,7-x-6-7-x-x,9-x-7-9-x-x,10-x-9-11-x-x,11-x-11-12-x-x,12-x-12-13-x-x,14-x-13-14-x-x,12-x-12-13-x-x,12-x-11-12-x-x,11-x-9-11-x-x,12-x-11-12-x-x,11-x-9-11-x-x,9-x-8-9-x-x,7-x-7-8-x-x,5-x-5-6-x-x,4-x-4-5-x-x,10-x-10-10-x-x,9-x-9-9-x-x,11-x-11-11-x-x,12-x-11-13-x-x,13-x-13-14-x-x,14-x-14-15-x-x,15-x-15-16-x-x,14-x-14-15-x-x,15-x-14-15-x-x,14-x-13-16-x-x,12-x-11-12-x-x,11-x-10-11-x-x,10-x-10-11-x-x,9-x-9-10-x-x,10-x-9-10-x-x,9-x-8-9-x-x,8-x-8-9-x-x
Herbie's Here_copy,,,,,,,,,,,,,,,,,,,,,,,,,,,,,,,,,,,,,,,,,,,,,,,
C7,Gmin7,B,C,F7,Cmin7,E,F,C,C7,F6,Fmin6,C,G7,C7,F#7,F7,Gmin7,F9,E7,F7,C7,F7,Fmin6,C,Fmin6,C,G7,C7,A#7,A7,D#min7,Dmin7,Emin7,Dmin,F#7,G7,G#7,G7,C#7,C,A#7,A7,D#7,D7,G#7,G7,C#7
8-x-8-9-x-x,10-x-8-10-x-x,11-x-9-11-x-x,12-x-10-12-x-x,13-x-13-14-x-x,15-x-13-15-x-x,16-x-14-16-x-x,17-x-15-17-x-x,15-x-14-17-x-x,15-x-14-15-x-x,13-x-12-14-x-x,13-x-12-13-x-x,12-x-10-12-x-x,10-x-9-10-x-x,8-x-8-9-x-x,9-x-8-9-x-x,8-x-7-8-x-x,10-x-8-10-x-x,11-x-10-12-x-x,12-x-12-13-x-x,13-x-13-14-x-x,15-x-14-15-x-x,13-x-13-14-x-x,13-x-12-13-x-x,12-x-10-12-x-x,13-x-12-13-x-x,12-x-10-12-x-x,10-x-9-10-x-x,8-x-8-9-x-x,6-x-6-7-x-x,5-x-5-6-x-x,11-x-11-11-x-x,10-x-10-10-x-x,12-x-12-12-x-x,13-x-12-14-x-x,14-x-14-15-x-x,15-x-15-16-x-x,16-x-16-17-x-x,15-x-15-16-x-x,16-x-15-16-x-x,15-x-14-17-x-x,13-x-12-13-x-x,12-x-11-12-x-x,11-x-11-12-x-x,10-x-10-11-x-x,11-x-10-11-x-x,10-x-9-10-x-x,9-x-9-10-x-x
Herbie's Here_copy,,,,,,,,,,,,,,,,,,,,,,,,,,,,,,,,,,,,,,,,,,,,,,,
C#7,G#min7,C,C#,F#7,C#min7,F,F#,C#,C#7,F#6,F#min6,C#,G#7,C#7,G7,F#7,G#min7,F#9,F7,F#7,C#7,F#7,F#min6,C#,F#min6,C#,G#7,C#7,B7,A#7,Emin7,D#min7,Fmin7,D#min,G7,G#7,A7,G#7,D7,C#,B7,A#7,E7,D#7,A7,G#7,D7
9-x-9-10-x-x,11-x-9-11-x-x,12-x-10-12-x-x,13-x-11-13-x-x,14-x-14-15-x-x,16-x-14-16-x-x,17-x-15-17-x-x,18-x-16-18-x-x,16-x-15-18-x-x,16-x-15-16-x-x,14-x-13-15-x-x,14-x-13-14-x-x,13-x-11-13-x-x,11-x-10-11-x-x,9-x-9-10-x-x,10-x-9-10-x-x,9-x-8-9-x-x,11-x-9-11-x-x,12-x-11-13-x-x,13-x-13-14-x-x,14-x-14-15-x-x,16-x-15-16-x-x,14-x-14-15-x-x,14-x-13-14-x-x,13-x-11-13-x-x,14-x-13-14-x-x,13-x-11-13-x-x,11-x-10-11-x-x,9-x-9-10-x-x,7-x-7-8-x-x,6-x-6-7-x-x,12-x-12-12-x-x,11-x-11-11-x-x,13-x-13-13-x-x,14-x-13-15-x-x,15-x-15-16-x-x,16-x-16-17-x-x,17-x-17-18-x-x,16-x-16-17-x-x,17-x-16-17-x-x,16-x-15-18-x-x,14-x-13-14-x-x,13-x-12-13-x-x,12-x-12-13-x-x,11-x-11-12-x-x,12-x-11-12-x-x,11-x-10-11-x-x,10-x-10-11-x-x
