Bflat Blues_slice,,
A#7,D#7,A#7
x-x-6-7-6-6,x-x-5-6-4-6,x-x-6-7-6-6
Bflat Blues_slice,,
D#7,A#7,A#7
x-x-5-6-4-6,x-x-6-7-6-6,x-x-6-7-6-6
Bflat Blues_slice,,
A#7,A#7,D#7
x-x-6-7-6-6,x-x-6-7-6-6,x-x-5-6-4-6
Bflat Blues_slice,,
A#7,D#7,Edim7
x-x-6-7-6-6,x-x-5-6-4-6,x-x-5-6-5-6
Bflat Blues_slice,,
D#7,Edim7,A#7
x-x-5-6-4-6,x-x-5-6-5-6,x-x-6-7-6-6
Bflat Blues_slice,,
Edim7,A#7,Bdim7
x-x-5-6-5-6,x-x-6-7-6-6,x-x-6-7-6-7
Bflat Blues_slice,,
A#7,Bdim7,Cmin7
x-x-6-7-6-6,x-x-6-7-6-7,x-x-8-8-8-8
Bflat Blues_slice,,
Bdim7,Cmin7,F7
x-x-6-7-6-7,x-x-8-8-8-8,x-x-7-8-6-8
Bflat Blues_slice,,
Cmin7,F7,A#7
x-x-8-8-8-8,x-x-7-8-6-8,x-x-6-7-6-6
Bflat Blues_slice,,
F7,A#7,Bdim7
x-x-7-8-6-8,x-x-6-7-6-6,x-x-6-7-6-7
Bflat Blues_slice,,
A#7,Bdim7,Cmin7
x-x-6-7-6-6,x-x-6-7-6-7,x-x-8-8-8-8
Bflat Blues_slice,,
Bdim7,Cmin7,F7
x-x-6-7-6-7,x-x-8-8-8-8,x-x-7-8-6-8
Bflat Blues_copy_slice,,
G7,C7,G7
x-x-3-4-3-3,x-x-2-3-1-3,x-x-3-4-3-3
Bflat Blues_copy_slice,,
C7,G7,G7
x-x-2-3-1-3,x-x-3-4-3-3,x-x-3-4-3-3
Bflat Blues_copy_slice,,
G7,G7,C7
x-x-3-4-3-3,x-x-3-4-3-3,x-x-2-3-1-3
Bflat Blues_copy_slice,,
G7,C7,C#dim7
x-x-3-4-3-3,x-x-2-3-1-3,x-x-2-3-2-3
Bflat Blues_copy_slice,,
C7,C#dim7,G7
x-x-2-3-1-3,x-x-2-3-2-3,x-x-3-4-3-3
Bflat Blues_copy_slice,,
C#dim7,G7,G#dim7
x-x-2-3-2-3,x-x-3-4-3-3,x-x-3-4-3-4
Bflat Blues_copy_slice,,
G7,G#dim7,Amin7
x-x-3-4-3-3,x-x-3-4-3-4,x-x-5-5-5-5
Bflat Blues_copy_slice,,
G#dim7,Amin7,D7
x-x-3-4-3-4,x-x-5-5-5-5,x-x-4-5-3-5
Bflat Blues_copy_slice,,
Amin7,D7,G7
x-x-5-5-5-5,x-x-4-5-3-5,x-x-3-4-3-3
Bflat Blues_copy_slice,,
D7,G7,G#dim7
x-x-4-5-3-5,x-x-3-4-3-3,x-x-3-4-3-4
Bflat Blues_copy_slice,,
G7,G#dim7,Amin7
x-x-3-4-3-3,x-x-3-4-3-4,x-x-5-5-5-5
Bflat Blues_copy_slice,,
G#dim7,Amin7,D7
x-x-3-4-3-4,x-x-5-5-5-5,x-x-4-5-3-5
Bflat Blues_copy_slice,,
G#7,C#7,G#7
x-x-4-5-4-4,x-x-3-4-2-4,x-x-4-5-4-4
Bflat Blues_copy_slice,,
C#7,G#7,G#7
x-x-3-4-2-4,x-x-4-5-4-4,x-x-4-5-4-4
Bflat Blues_copy_slice,,
G#7,G#7,C#7
x-x-4-5-4-4,x-x-4-5-4-4,x-x-3-4-2-4
Bflat Blues_copy_slice,,
G#7,C#7,Ddim7
x-x-4-5-4-4,x-x-3-4-2-4,x-x-3-4-3-4
Bflat Blues_copy_slice,,
C#7,Ddim7,G#7
x-x-3-4-2-4,x-x-3-4-3-4,x-x-4-5-4-4
Bflat Blues_copy_slice,,
Ddim7,G#7,Adim7
x-x-3-4-3-4,x-x-4-5-4-4,x-x-4-5-4-5
Bflat Blues_copy_slice,,
G#7,Adim7,A#min7
x-x-4-5-4-4,x-x-4-5-4-5,x-x-6-6-6-6
Bflat Blues_copy_slice,,
Adim7,A#min7,D#7
x-x-4-5-4-5,x-x-6-6-6-6,x-x-5-6-4-6
Bflat Blues_copy_slice,,
A#min7,D#7,G#7
x-x-6-6-6-6,x-x-5-6-4-6,x-x-4-5-4-4
Bflat Blues_copy_slice,,
D#7,G#7,Adim7
x-x-5-6-4-6,x-x-4-5-4-4,x-x-4-5-4-5
Bflat Blues_copy_slice,,
G#7,Adim7,A#min7
x-x-4-5-4-4,x-x-4-5-4-5,x-x-6-6-6-6
Bflat Blues_copy_slice,,
Adim7,A#min7,D#7
x-x-4-5-4-5,x-x-6-6-6-6,x-x-5-6-4-6
Bflat Blues_copy_slice,,
A7,D7,A7
x-x-5-6-5-5,x-x-4-5-3-5,x-x-5-6-5-5
Bflat Blues_copy_slice,,
D7,A7,A7
x-x-4-5-3-5,x-x-5-6-5-5,x-x-5-6-5-5
Bflat Blues_copy_slice,,
A7,A7,D7
x-x-5-6-5-5,x-x-5-6-5-5,x-x-4-5-3-5
Bflat Blues_copy_slice,,
A7,D7,D#dim7
x-x-5-6-5-5,x-x-4-5-3-5,x-x-4-5-4-5
Bflat Blues_copy_slice,,
D7,D#dim7,A7
x-x-4-5-3-5,x-x-4-5-4-5,x-x-5-6-5-5
Bflat Blues_copy_slice,,
D#dim7,A7,A#dim7
x-x-4-5-4-5,x-x-5-6-5-5,x-x-5-6-5-6
Bflat Blues_copy_slice,,
A7,A#dim7,Bmin7
x-x-5-6-5-5,x-x-5-6-5-6,x-x-7-7-7-7
Bflat Blues_copy_slice,,
A#dim7,Bmin7,E7
x-x-5-6-5-6,x-x-7-7-7-7,x-x-6-7-5-7
Bflat Blues_copy_slice,,
Bmin7,E7,A7
x-x-7-7-7-7,x-x-6-7-5-7,x-x-5-6-5-5
Bflat Blues_copy_slice,,
E7,A7,A#dim7
x-x-6-7-5-7,x-x-5-6-5-5,x-x-5-6-5-6
Bflat Blues_copy_slice,,
A7,A#dim7,Bmin7
x-x-5-6-5-5,x-x-5-6-5-6,x-x-7-7-7-7
Bflat Blues_copy_slice,,
A#dim7,Bmin7,E7
x-x-5-6-5-6,x-x-7-7-7-7,x-x-6-7-5-7
Bflat Blues_copy_slice,,
A#7,D#7,A#7
x-x-6-7-6-6,x-x-5-6-4-6,x-x-6-7-6-6
Bflat Blues_copy_slice,,
D#7,A#7,A#7
x-x-5-6-4-6,x-x-6-7-6-6,x-x-6-7-6-6
Bflat Blues_copy_slice,,
A#7,A#7,D#7
x-x-6-7-6-6,x-x-6-7-6-6,x-x-5-6-4-6
Bflat Blues_copy_slice,,
A#7,D#7,Edim7
x-x-6-7-6-6,x-x-5-6-4-6,x-x-5-6-5-6
Bflat Blues_copy_slice,,
D#7,Edim7,A#7
x-x-5-6-4-6,x-x-5-6-5-6,x-x-6-7-6-6
Bflat Blues_copy_slice,,
Edim7,A#7,Bdim7
x-x-5-6-5-6,x-x-6-7-6-6,x-x-6-7-6-7
Bflat Blues_copy_slice,,
A#7,Bdim7,Cmin7
x-x-6-7-6-6,x-x-6-7-6-7,x-x-8-8-8-8
Bflat Blues_copy_slice,,
Bdim7,Cmin7,F7
x-x-6-7-6-7,x-x-8-8-8-8,x-x-7-8-6-8
Bflat Blues_copy_slice,,
Cmin7,F7,A#7
x-x-8-8-8-8,x-x-7-8-6-8,x-x-6-7-6-6
Bflat Blues_copy_slice,,
F7,A#7,Bdim7
x-x-7-8-6-8,x-x-6-7-6-6,x-x-6-7-6-7
Bflat Blues_copy_slice,,
A#7,Bdim7,Cmin7
x-x-6-7-6-6,x-x-6-7-6-7,x-x-8-8-8-8
Bflat Blues_copy_slice,,
Bdim7,Cmin7,F7
x-x-6-7-6-7,x-x-8-8-8-8,x-x-7-8-6-8
Bflat Blues_copy_slice,,
B7,E7,B7
x-x-7-8-7-7,x-x-6-7-5-7,x-x-7-8-7-7
Bflat Blues_copy_slice,,
E7,B7,B7
x-x-6-7-5-7,x-x-7-8-7-7,x-x-7-8-7-7
Bflat Blues_copy_slice,,
B7,B7,E7
x-x-7-8-7-7,x-x-7-8-7-7,x-x-6-7-5-7
Bflat Blues_copy_slice,,
B7,E7,Fdim7
x-x-7-8-7-7,x-x-6-7-5-7,x-x-6-7-6-7
Bflat Blues_copy_slice,,
E7,Fdim7,B7
x-x-6-7-5-7,x-x-6-7-6-7,x-x-7-8-7-7
Bflat Blues_copy_slice,,
Fdim7,B7,Cdim7
x-x-6-7-6-7,x-x-7-8-7-7,x-x-7-8-7-8
Bflat Blues_copy_slice,,
B7,Cdim7,C#min7
x-x-7-8-7-7,x-x-7-8-7-8,x-x-9-9-9-9
Bflat Blues_copy_slice,,
Cdim7,C#min7,F#7
x-x-7-8-7-8,x-x-9-9-9-9,x-x-8-9-7-9
Bflat Blues_copy_slice,,
C#min7,F#7,B7
x-x-9-9-9-9,x-x-8-9-7-9,x-x-7-8-7-7
Bflat Blues_copy_slice,,
F#7,B7,Cdim7
x-x-8-9-7-9,x-x-7-8-7-7,x-x-7-8-7-8
Bflat Blues_copy_slice,,
B7,Cdim7,C#min7
x-x-7-8-7-7,x-x-7-8-7-8,x-x-9-9-9-9
Bflat Blues_copy_slice,,
Cdim7,C#min7,F#7
x-x-7-8-7-8,x-x-9-9-9-9,x-x-8-9-7-9
Bflat Blues_copy_slice,,
C7,F7,C7
x-x-8-9-8-8,x-x-7-8-6-8,x-x-8-9-8-8
Bflat Blues_copy_slice,,
F7,C7,C7
x-x-7-8-6-8,x-x-8-9-8-8,x-x-8-9-8-8
Bflat Blues_copy_slice,,
C7,C7,F7
x-x-8-9-8-8,x-x-8-9-8-8,x-x-7-8-6-8
Bflat Blues_copy_slice,,
C7,F7,F#dim7
x-x-8-9-8-8,x-x-7-8-6-8,x-x-7-8-7-8
Bflat Blues_copy_slice,,
F7,F#dim7,C7
x-x-7-8-6-8,x-x-7-8-7-8,x-x-8-9-8-8
Bflat Blues_copy_slice,,
F#dim7,C7,C#dim7
x-x-7-8-7-8,x-x-8-9-8-8,x-x-8-9-8-9
Bflat Blues_copy_slice,,
C7,C#dim7,Dmin7
x-x-8-9-8-8,x-x-8-9-8-9,x-x-10-10-10-10
Bflat Blues_copy_slice,,
C#dim7,Dmin7,G7
x-x-8-9-8-9,x-x-10-10-10-10,x-x-9-10-8-10
Bflat Blues_copy_slice,,
Dmin7,G7,C7
x-x-10-10-10-10,x-x-9-10-8-10,x-x-8-9-8-8
Bflat Blues_copy_slice,,
G7,C7,C#dim7
x-x-9-10-8-10,x-x-8-9-8-8,x-x-8-9-8-9
Bflat Blues_copy_slice,,
C7,C#dim7,Dmin7
x-x-8-9-8-8,x-x-8-9-8-9,x-x-10-10-10-10
Bflat Blues_copy_slice,,
C#dim7,Dmin7,G7
x-x-8-9-8-9,x-x-10-10-10-10,x-x-9-10-8-10
Bflat Blues_copy_slice,,
C#7,F#7,C#7
x-x-9-10-9-9,x-x-8-9-7-9,x-x-9-10-9-9
Bflat Blues_copy_slice,,
F#7,C#7,C#7
x-x-8-9-7-9,x-x-9-10-9-9,x-x-9-10-9-9
Bflat Blues_copy_slice,,
C#7,C#7,F#7
x-x-9-10-9-9,x-x-9-10-9-9,x-x-8-9-7-9
Bflat Blues_copy_slice,,
C#7,F#7,Gdim7
x-x-9-10-9-9,x-x-8-9-7-9,x-x-8-9-8-9
Bflat Blues_copy_slice,,
F#7,Gdim7,C#7
x-x-8-9-7-9,x-x-8-9-8-9,x-x-9-10-9-9
Bflat Blues_copy_slice,,
Gdim7,C#7,Ddim7
x-x-8-9-8-9,x-x-9-10-9-9,x-x-9-10-9-10
Bflat Blues_copy_slice,,
C#7,Ddim7,D#min7
x-x-9-10-9-9,x-x-9-10-9-10,x-x-11-11-11-11
Bflat Blues_copy_slice,,
Ddim7,D#min7,G#7
x-x-9-10-9-10,x-x-11-11-11-11,x-x-10-11-9-11
Bflat Blues_copy_slice,,
D#min7,G#7,C#7
x-x-11-11-11-11,x-x-10-11-9-11,x-x-9-10-9-9
Bflat Blues_copy_slice,,
G#7,C#7,Ddim7
x-x-10-11-9-11,x-x-9-10-9-9,x-x-9-10-9-10
Bflat Blues_copy_slice,,
C#7,Ddim7,D#min7
x-x-9-10-9-9,x-x-9-10-9-10,x-x-11-11-11-11
Bflat Blues_copy_slice,,
Ddim7,D#min7,G#7
x-x-9-10-9-10,x-x-11-11-11-11,x-x-10-11-9-11
Bflat Blues_copy_slice,,
D7,G7,D7
x-x-10-11-10-10,x-x-9-10-8-10,x-x-10-11-10-10
Bflat Blues_copy_slice,,
G7,D7,D7
x-x-9-10-8-10,x-x-10-11-10-10,x-x-10-11-10-10
Bflat Blues_copy_slice,,
D7,D7,G7
x-x-10-11-10-10,x-x-10-11-10-10,x-x-9-10-8-10
Bflat Blues_copy_slice,,
D7,G7,G#dim7
x-x-10-11-10-10,x-x-9-10-8-10,x-x-9-10-9-10
Bflat Blues_copy_slice,,
G7,G#dim7,D7
x-x-9-10-8-10,x-x-9-10-9-10,x-x-10-11-10-10
Bflat Blues_copy_slice,,
G#dim7,D7,D#dim7
x-x-9-10-9-10,x-x-10-11-10-10,x-x-10-11-10-11
Bflat Blues_copy_slice,,
D7,D#dim7,Emin7
x-x-10-11-10-10,x-x-10-11-10-11,x-x-12-12-12-12
Bflat Blues_copy_slice,,
D#dim7,Emin7,A7
x-x-10-11-10-11,x-x-12-12-12-12,x-x-11-12-10-12
Bflat Blues_copy_slice,,
Emin7,A7,D7
x-x-12-12-12-12,x-x-11-12-10-12,x-x-10-11-10-10
Bflat Blues_copy_slice,,
A7,D7,D#dim7
x-x-11-12-10-12,x-x-10-11-10-10,x-x-10-11-10-11
Bflat Blues_copy_slice,,
D7,D#dim7,Emin7
x-x-10-11-10-10,x-x-10-11-10-11,x-x-12-12-12-12
Bflat Blues_copy_slice,,
D#dim7,Emin7,A7
x-x-10-11-10-11,x-x-12-12-12-12,x-x-11-12-10-12
Bflat Blues_copy_slice,,
D#7,G#7,D#7
x-x-11-12-11-11,x-x-10-11-9-11,x-x-11-12-11-11
Bflat Blues_copy_slice,,
G#7,D#7,D#7
x-x-10-11-9-11,x-x-11-12-11-11,x-x-11-12-11-11
Bflat Blues_copy_slice,,
D#7,D#7,G#7
x-x-11-12-11-11,x-x-11-12-11-11,x-x-10-11-9-11
Bflat Blues_copy_slice,,
D#7,G#7,Adim7
x-x-11-12-11-11,x-x-10-11-9-11,x-x-10-11-10-11
Bflat Blues_copy_slice,,
G#7,Adim7,D#7
x-x-10-11-9-11,x-x-10-11-10-11,x-x-11-12-11-11
Bflat Blues_copy_slice,,
Adim7,D#7,Edim7
x-x-10-11-10-11,x-x-11-12-11-11,x-x-11-12-11-12
Bflat Blues_copy_slice,,
D#7,Edim7,Fmin7
x-x-11-12-11-11,x-x-11-12-11-12,x-x-13-13-13-13
Bflat Blues_copy_slice,,
Edim7,Fmin7,A#7
x-x-11-12-11-12,x-x-13-13-13-13,x-x-12-13-11-13
Bflat Blues_copy_slice,,
Fmin7,A#7,D#7
x-x-13-13-13-13,x-x-12-13-11-13,x-x-11-12-11-11
Bflat Blues_copy_slice,,
A#7,D#7,Edim7
x-x-12-13-11-13,x-x-11-12-11-11,x-x-11-12-11-12
Bflat Blues_copy_slice,,
D#7,Edim7,Fmin7
x-x-11-12-11-11,x-x-11-12-11-12,x-x-13-13-13-13
Bflat Blues_copy_slice,,
Edim7,Fmin7,A#7
x-x-11-12-11-12,x-x-13-13-13-13,x-x-12-13-11-13
Bflat Blues_copy_slice,,
E7,A7,E7
x-x-12-13-12-12,x-x-11-12-10-12,x-x-12-13-12-12
Bflat Blues_copy_slice,,
A7,E7,E7
x-x-11-12-10-12,x-x-12-13-12-12,x-x-12-13-12-12
Bflat Blues_copy_slice,,
E7,E7,A7
x-x-12-13-12-12,x-x-12-13-12-12,x-x-11-12-10-12
Bflat Blues_copy_slice,,
E7,A7,A#dim7
x-x-12-13-12-12,x-x-11-12-10-12,x-x-11-12-11-12
Bflat Blues_copy_slice,,
A7,A#dim7,E7
x-x-11-12-10-12,x-x-11-12-11-12,x-x-12-13-12-12
Bflat Blues_copy_slice,,
A#dim7,E7,Fdim7
x-x-11-12-11-12,x-x-12-13-12-12,x-x-12-13-12-13
Bflat Blues_copy_slice,,
E7,Fdim7,F#min7
x-x-12-13-12-12,x-x-12-13-12-13,x-x-14-14-14-14
Bflat Blues_copy_slice,,
Fdim7,F#min7,B7
x-x-12-13-12-13,x-x-14-14-14-14,x-x-13-14-12-14
Bflat Blues_copy_slice,,
F#min7,B7,E7
x-x-14-14-14-14,x-x-13-14-12-14,x-x-12-13-12-12
Bflat Blues_copy_slice,,
B7,E7,Fdim7
x-x-13-14-12-14,x-x-12-13-12-12,x-x-12-13-12-13
Bflat Blues_copy_slice,,
E7,Fdim7,F#min7
x-x-12-13-12-12,x-x-12-13-12-13,x-x-14-14-14-14
Bflat Blues_copy_slice,,
Fdim7,F#min7,B7
x-x-12-13-12-13,x-x-14-14-14-14,x-x-13-14-12-14
Bflat Blues_copy_slice,,
F7,A#7,F7
x-x-13-14-13-13,x-x-12-13-11-13,x-x-13-14-13-13
Bflat Blues_copy_slice,,
A#7,F7,F7
x-x-12-13-11-13,x-x-13-14-13-13,x-x-13-14-13-13
Bflat Blues_copy_slice,,
F7,F7,A#7
x-x-13-14-13-13,x-x-13-14-13-13,x-x-12-13-11-13
Bflat Blues_copy_slice,,
F7,A#7,Bdim7
x-x-13-14-13-13,x-x-12-13-11-13,x-x-12-13-12-13
Bflat Blues_copy_slice,,
A#7,Bdim7,F7
x-x-12-13-11-13,x-x-12-13-12-13,x-x-13-14-13-13
Bflat Blues_copy_slice,,
Bdim7,F7,F#dim7
x-x-12-13-12-13,x-x-13-14-13-13,x-x-13-14-13-14
Bflat Blues_copy_slice,,
F7,F#dim7,Gmin7
x-x-13-14-13-13,x-x-13-14-13-14,x-x-15-15-15-15
Bflat Blues_copy_slice,,
F#dim7,Gmin7,C7
x-x-13-14-13-14,x-x-15-15-15-15,x-x-14-15-13-15
Bflat Blues_copy_slice,,
Gmin7,C7,F7
x-x-15-15-15-15,x-x-14-15-13-15,x-x-13-14-13-13
Bflat Blues_copy_slice,,
C7,F7,F#dim7
x-x-14-15-13-15,x-x-13-14-13-13,x-x-13-14-13-14
Bflat Blues_copy_slice,,
F7,F#dim7,Gmin7
x-x-13-14-13-13,x-x-13-14-13-14,x-x-15-15-15-15
Bflat Blues_copy_slice,,
F#dim7,Gmin7,C7
x-x-13-14-13-14,x-x-15-15-15-15,x-x-14-15-13-15
Bflat Blues_copy_slice,,
F#7,B7,F#7
x-x-14-15-14-14,x-x-13-14-12-14,x-x-14-15-14-14
Bflat Blues_copy_slice,,
B7,F#7,F#7
x-x-13-14-12-14,x-x-14-15-14-14,x-x-14-15-14-14
Bflat Blues_copy_slice,,
F#7,F#7,B7
x-x-14-15-14-14,x-x-14-15-14-14,x-x-13-14-12-14
Bflat Blues_copy_slice,,
F#7,B7,Cdim7
x-x-14-15-14-14,x-x-13-14-12-14,x-x-13-14-13-14
Bflat Blues_copy_slice,,
B7,Cdim7,F#7
x-x-13-14-12-14,x-x-13-14-13-14,x-x-14-15-14-14
Bflat Blues_copy_slice,,
Cdim7,F#7,Gdim7
x-x-13-14-13-14,x-x-14-15-14-14,x-x-14-15-14-15
Bflat Blues_copy_slice,,
F#7,Gdim7,G#min7
x-x-14-15-14-14,x-x-14-15-14-15,x-x-16-16-16-16
Bflat Blues_copy_slice,,
Gdim7,G#min7,C#7
x-x-14-15-14-15,x-x-16-16-16-16,x-x-15-16-14-16
Bflat Blues_copy_slice,,
G#min7,C#7,F#7
x-x-16-16-16-16,x-x-15-16-14-16,x-x-14-15-14-14
Bflat Blues_copy_slice,,
C#7,F#7,Gdim7
x-x-15-16-14-16,x-x-14-15-14-14,x-x-14-15-14-15
Bflat Blues_copy_slice,,
F#7,Gdim7,G#min7
x-x-14-15-14-14,x-x-14-15-14-15,x-x-16-16-16-16
Bflat Blues_copy_slice,,
Gdim7,G#min7,C#7
x-x-14-15-14-15,x-x-16-16-16-16,x-x-15-16-14-16
Bflat Blues_copy_slice,,
G7,C7,G7
x-x-15-16-15-15,x-x-14-15-13-15,x-x-15-16-15-15
Bflat Blues_copy_slice,,
C7,G7,G7
x-x-14-15-13-15,x-x-15-16-15-15,x-x-15-16-15-15
Bflat Blues_copy_slice,,
G7,G7,C7
x-x-15-16-15-15,x-x-15-16-15-15,x-x-14-15-13-15
Bflat Blues_copy_slice,,
G7,C7,C#dim7
x-x-15-16-15-15,x-x-14-15-13-15,x-x-14-15-14-15
Bflat Blues_copy_slice,,
C7,C#dim7,G7
x-x-14-15-13-15,x-x-14-15-14-15,x-x-15-16-15-15
Bflat Blues_copy_slice,,
C#dim7,G7,G#dim7
x-x-14-15-14-15,x-x-15-16-15-15,x-x-15-16-15-16
Bflat Blues_copy_slice,,
G7,G#dim7,Amin7
x-x-15-16-15-15,x-x-15-16-15-16,x-x-17-17-17-17
Bflat Blues_copy_slice,,
G#dim7,Amin7,D7
x-x-15-16-15-16,x-x-17-17-17-17,x-x-16-17-15-17
Bflat Blues_copy_slice,,
Amin7,D7,G7
x-x-17-17-17-17,x-x-16-17-15-17,x-x-15-16-15-15
Bflat Blues_copy_slice,,
D7,G7,G#dim7
x-x-16-17-15-17,x-x-15-16-15-15,x-x-15-16-15-16
Bflat Blues_copy_slice,,
G7,G#dim7,Amin7
x-x-15-16-15-15,x-x-15-16-15-16,x-x-17-17-17-17
Bflat Blues_copy_slice,,
G#dim7,Amin7,D7
x-x-15-16-15-16,x-x-17-17-17-17,x-x-16-17-15-17
Bflat Blues_copy_slice,,
G#7,C#7,G#7
x-x-16-17-16-16,x-x-15-16-14-16,x-x-16-17-16-16
Bflat Blues_copy_slice,,
C#7,G#7,G#7
x-x-15-16-14-16,x-x-16-17-16-16,x-x-16-17-16-16
Bflat Blues_copy_slice,,
G#7,G#7,C#7
x-x-16-17-16-16,x-x-16-17-16-16,x-x-15-16-14-16
Bflat Blues_copy_slice,,
G#7,C#7,Ddim7
x-x-16-17-16-16,x-x-15-16-14-16,x-x-15-16-15-16
Bflat Blues_copy_slice,,
C#7,Ddim7,G#7
x-x-15-16-14-16,x-x-15-16-15-16,x-x-16-17-16-16
Bflat Blues_copy_slice,,
Ddim7,G#7,Adim7
x-x-15-16-15-16,x-x-16-17-16-16,x-x-16-17-16-17
Bflat Blues_copy_slice,,
G#7,Adim7,A#min7
x-x-16-17-16-16,x-x-16-17-16-17,x-x-18-18-18-18
Bflat Blues_copy_slice,,
Adim7,A#min7,D#7
x-x-16-17-16-17,x-x-18-18-18-18,x-x-17-18-16-18
Bflat Blues_copy_slice,,
A#min7,D#7,G#7
x-x-18-18-18-18,x-x-17-18-16-18,x-x-16-17-16-16
Bflat Blues_copy_slice,,
D#7,G#7,Adim7
x-x-17-18-16-18,x-x-16-17-16-16,x-x-16-17-16-17
Bflat Blues_copy_slice,,
G#7,Adim7,A#min7
x-x-16-17-16-16,x-x-16-17-16-17,x-x-18-18-18-18
Bflat Blues_copy_slice,,
Adim7,A#min7,D#7
x-x-16-17-16-17,x-x-18-18-18-18,x-x-17-18-16-18
Bflat Blues 2_slice,,
A#7,D#7,A#7
x-x-8-10-9-10,x-x-8-8-8-9,x-x-8-10-9-10
Bflat Blues 2_slice,,
D#7,A#7,A#7
x-x-8-8-8-9,x-x-8-10-9-10,x-x-8-10-9-10
Bflat Blues 2_slice,,
A#7,A#7,D#7
x-x-8-10-9-10,x-x-8-10-9-10,x-x-8-8-8-9
Bflat Blues 2_slice,,
A#7,D#7,Edim7
x-x-8-10-9-10,x-x-8-8-8-9,x-x-8-9-8-9
Bflat Blues 2_slice,,
D#7,Edim7,A#7
x-x-8-8-8-9,x-x-8-9-8-9,x-x-8-10-9-10
Bflat Blues 2_slice,,
Edim7,A#7,Bdim7
x-x-8-9-8-9,x-x-8-10-9-10,x-x-9-10-9-10
Bflat Blues 2_slice,,
A#7,Bdim7,Cmin7
x-x-8-10-9-10,x-x-9-10-9-10,x-x-10-12-11-11
Bflat Blues 2_slice,,
Bdim7,Cmin7,F7
x-x-9-10-9-10,x-x-10-12-11-11,x-x-10-10-10-11
Bflat Blues 2_slice,,
Cmin7,F7,A#7
x-x-10-12-11-11,x-x-10-10-10-11,x-x-8-10-9-10
Bflat Blues 2_slice,,
F7,A#7,Bdim7
x-x-10-10-10-11,x-x-8-10-9-10,x-x-9-10-9-10
Bflat Blues 2_slice,,
A#7,Bdim7,Cmin7
x-x-8-10-9-10,x-x-9-10-9-10,x-x-10-12-11-11
Bflat Blues 2_slice,,
Bdim7,Cmin7,F7
x-x-9-10-9-10,x-x-10-12-11-11,x-x-10-10-10-11
Bflat Blues 2_copy_slice,,
D#7,G#7,D#7
x-x-1-3-2-3,x-x-1-1-1-2,x-x-1-3-2-3
Bflat Blues 2_copy_slice,,
G#7,D#7,D#7
x-x-1-1-1-2,x-x-1-3-2-3,x-x-1-3-2-3
Bflat Blues 2_copy_slice,,
D#7,D#7,G#7
x-x-1-3-2-3,x-x-1-3-2-3,x-x-1-1-1-2
Bflat Blues 2_copy_slice,,
D#7,G#7,Adim7
x-x-1-3-2-3,x-x-1-1-1-2,x-x-1-2-1-2
Bflat Blues 2_copy_slice,,
G#7,Adim7,D#7
x-x-1-1-1-2,x-x-1-2-1-2,x-x-1-3-2-3
Bflat Blues 2_copy_slice,,
Adim7,D#7,Edim7
x-x-1-2-1-2,x-x-1-3-2-3,x-x-2-3-2-3
Bflat Blues 2_copy_slice,,
D#7,Edim7,Fmin7
x-x-1-3-2-3,x-x-2-3-2-3,x-x-3-5-4-4
Bflat Blues 2_copy_slice,,
Edim7,Fmin7,A#7
x-x-2-3-2-3,x-x-3-5-4-4,x-x-3-3-3-4
Bflat Blues 2_copy_slice,,
Fmin7,A#7,D#7
x-x-3-5-4-4,x-x-3-3-3-4,x-x-1-3-2-3
Bflat Blues 2_copy_slice,,
A#7,D#7,Edim7
x-x-3-3-3-4,x-x-1-3-2-3,x-x-2-3-2-3
Bflat Blues 2_copy_slice,,
D#7,Edim7,Fmin7
x-x-1-3-2-3,x-x-2-3-2-3,x-x-3-5-4-4
Bflat Blues 2_copy_slice,,
Edim7,Fmin7,A#7
x-x-2-3-2-3,x-x-3-5-4-4,x-x-3-3-3-4
Bflat Blues 2_copy_slice,,
E7,A7,E7
x-x-2-4-3-4,x-x-2-2-2-3,x-x-2-4-3-4
Bflat Blues 2_copy_slice,,
A7,E7,E7
x-x-2-2-2-3,x-x-2-4-3-4,x-x-2-4-3-4
Bflat Blues 2_copy_slice,,
E7,E7,A7
x-x-2-4-3-4,x-x-2-4-3-4,x-x-2-2-2-3
Bflat Blues 2_copy_slice,,
E7,A7,A#dim7
x-x-2-4-3-4,x-x-2-2-2-3,x-x-2-3-2-3
Bflat Blues 2_copy_slice,,
A7,A#dim7,E7
x-x-2-2-2-3,x-x-2-3-2-3,x-x-2-4-3-4
Bflat Blues 2_copy_slice,,
A#dim7,E7,Fdim7
x-x-2-3-2-3,x-x-2-4-3-4,x-x-3-4-3-4
Bflat Blues 2_copy_slice,,
E7,Fdim7,F#min7
x-x-2-4-3-4,x-x-3-4-3-4,x-x-4-6-5-5
Bflat Blues 2_copy_slice,,
Fdim7,F#min7,B7
x-x-3-4-3-4,x-x-4-6-5-5,x-x-4-4-4-5
Bflat Blues 2_copy_slice,,
F#min7,B7,E7
x-x-4-6-5-5,x-x-4-4-4-5,x-x-2-4-3-4
Bflat Blues 2_copy_slice,,
B7,E7,Fdim7
x-x-4-4-4-5,x-x-2-4-3-4,x-x-3-4-3-4
Bflat Blues 2_copy_slice,,
E7,Fdim7,F#min7
x-x-2-4-3-4,x-x-3-4-3-4,x-x-4-6-5-5
Bflat Blues 2_copy_slice,,
Fdim7,F#min7,B7
x-x-3-4-3-4,x-x-4-6-5-5,x-x-4-4-4-5
Bflat Blues 2_copy_slice,,
F7,A#7,F7
x-x-3-5-4-5,x-x-3-3-3-4,x-x-3-5-4-5
Bflat Blues 2_copy_slice,,
A#7,F7,F7
x-x-3-3-3-4,x-x-3-5-4-5,x-x-3-5-4-5
Bflat Blues 2_copy_slice,,
F7,F7,A#7
x-x-3-5-4-5,x-x-3-5-4-5,x-x-3-3-3-4
Bflat Blues 2_copy_slice,,
F7,A#7,Bdim7
x-x-3-5-4-5,x-x-3-3-3-4,x-x-3-4-3-4
Bflat Blues 2_copy_slice,,
A#7,Bdim7,F7
x-x-3-3-3-4,x-x-3-4-3-4,x-x-3-5-4-5
Bflat Blues 2_copy_slice,,
Bdim7,F7,F#dim7
x-x-3-4-3-4,x-x-3-5-4-5,x-x-4-5-4-5
Bflat Blues 2_copy_slice,,
F7,F#dim7,Gmin7
x-x-3-5-4-5,x-x-4-5-4-5,x-x-5-7-6-6
Bflat Blues 2_copy_slice,,
F#dim7,Gmin7,C7
x-x-4-5-4-5,x-x-5-7-6-6,x-x-5-5-5-6
Bflat Blues 2_copy_slice,,
Gmin7,C7,F7
x-x-5-7-6-6,x-x-5-5-5-6,x-x-3-5-4-5
Bflat Blues 2_copy_slice,,
C7,F7,F#dim7
x-x-5-5-5-6,x-x-3-5-4-5,x-x-4-5-4-5
Bflat Blues 2_copy_slice,,
F7,F#dim7,Gmin7
x-x-3-5-4-5,x-x-4-5-4-5,x-x-5-7-6-6
Bflat Blues 2_copy_slice,,
F#dim7,Gmin7,C7
x-x-4-5-4-5,x-x-5-7-6-6,x-x-5-5-5-6
Bflat Blues 2_copy_slice,,
F#7,B7,F#7
x-x-4-6-5-6,x-x-4-4-4-5,x-x-4-6-5-6
Bflat Blues 2_copy_slice,,
B7,F#7,F#7
x-x-4-4-4-5,x-x-4-6-5-6,x-x-4-6-5-6
Bflat Blues 2_copy_slice,,
F#7,F#7,B7
x-x-4-6-5-6,x-x-4-6-5-6,x-x-4-4-4-5
Bflat Blues 2_copy_slice,,
F#7,B7,Cdim7
x-x-4-6-5-6,x-x-4-4-4-5,x-x-4-5-4-5
Bflat Blues 2_copy_slice,,
B7,Cdim7,F#7
x-x-4-4-4-5,x-x-4-5-4-5,x-x-4-6-5-6
Bflat Blues 2_copy_slice,,
Cdim7,F#7,Gdim7
x-x-4-5-4-5,x-x-4-6-5-6,x-x-5-6-5-6
Bflat Blues 2_copy_slice,,
F#7,Gdim7,G#min7
x-x-4-6-5-6,x-x-5-6-5-6,x-x-6-8-7-7
Bflat Blues 2_copy_slice,,
Gdim7,G#min7,C#7
x-x-5-6-5-6,x-x-6-8-7-7,x-x-6-6-6-7
Bflat Blues 2_copy_slice,,
G#min7,C#7,F#7
x-x-6-8-7-7,x-x-6-6-6-7,x-x-4-6-5-6
Bflat Blues 2_copy_slice,,
C#7,F#7,Gdim7
x-x-6-6-6-7,x-x-4-6-5-6,x-x-5-6-5-6
Bflat Blues 2_copy_slice,,
F#7,Gdim7,G#min7
x-x-4-6-5-6,x-x-5-6-5-6,x-x-6-8-7-7
Bflat Blues 2_copy_slice,,
Gdim7,G#min7,C#7
x-x-5-6-5-6,x-x-6-8-7-7,x-x-6-6-6-7
Bflat Blues 2_copy_slice,,
G7,C7,G7
x-x-5-7-6-7,x-x-5-5-5-6,x-x-5-7-6-7
Bflat Blues 2_copy_slice,,
C7,G7,G7
x-x-5-5-5-6,x-x-5-7-6-7,x-x-5-7-6-7
Bflat Blues 2_copy_slice,,
G7,G7,C7
x-x-5-7-6-7,x-x-5-7-6-7,x-x-5-5-5-6
Bflat Blues 2_copy_slice,,
G7,C7,C#dim7
x-x-5-7-6-7,x-x-5-5-5-6,x-x-5-6-5-6
Bflat Blues 2_copy_slice,,
C7,C#dim7,G7
x-x-5-5-5-6,x-x-5-6-5-6,x-x-5-7-6-7
Bflat Blues 2_copy_slice,,
C#dim7,G7,G#dim7
x-x-5-6-5-6,x-x-5-7-6-7,x-x-6-7-6-7
Bflat Blues 2_copy_slice,,
G7,G#dim7,Amin7
x-x-5-7-6-7,x-x-6-7-6-7,x-x-7-9-8-8
Bflat Blues 2_copy_slice,,
G#dim7,Amin7,D7
x-x-6-7-6-7,x-x-7-9-8-8,x-x-7-7-7-8
Bflat Blues 2_copy_slice,,
Amin7,D7,G7
x-x-7-9-8-8,x-x-7-7-7-8,x-x-5-7-6-7
Bflat Blues 2_copy_slice,,
D7,G7,G#dim7
x-x-7-7-7-8,x-x-5-7-6-7,x-x-6-7-6-7
Bflat Blues 2_copy_slice,,
G7,G#dim7,Amin7
x-x-5-7-6-7,x-x-6-7-6-7,x-x-7-9-8-8
Bflat Blues 2_copy_slice,,
G#dim7,Amin7,D7
x-x-6-7-6-7,x-x-7-9-8-8,x-x-7-7-7-8
Bflat Blues 2_copy_slice,,
G#7,C#7,G#7
x-x-6-8-7-8,x-x-6-6-6-7,x-x-6-8-7-8
Bflat Blues 2_copy_slice,,
C#7,G#7,G#7
x-x-6-6-6-7,x-x-6-8-7-8,x-x-6-8-7-8
Bflat Blues 2_copy_slice,,
G#7,G#7,C#7
x-x-6-8-7-8,x-x-6-8-7-8,x-x-6-6-6-7
Bflat Blues 2_copy_slice,,
G#7,C#7,Ddim7
x-x-6-8-7-8,x-x-6-6-6-7,x-x-6-7-6-7
Bflat Blues 2_copy_slice,,
C#7,Ddim7,G#7
x-x-6-6-6-7,x-x-6-7-6-7,x-x-6-8-7-8
Bflat Blues 2_copy_slice,,
Ddim7,G#7,Adim7
x-x-6-7-6-7,x-x-6-8-7-8,x-x-7-8-7-8
Bflat Blues 2_copy_slice,,
G#7,Adim7,A#min7
x-x-6-8-7-8,x-x-7-8-7-8,x-x-8-10-9-9
Bflat Blues 2_copy_slice,,
Adim7,A#min7,D#7
x-x-7-8-7-8,x-x-8-10-9-9,x-x-8-8-8-9
Bflat Blues 2_copy_slice,,
A#min7,D#7,G#7
x-x-8-10-9-9,x-x-8-8-8-9,x-x-6-8-7-8
Bflat Blues 2_copy_slice,,
D#7,G#7,Adim7
x-x-8-8-8-9,x-x-6-8-7-8,x-x-7-8-7-8
Bflat Blues 2_copy_slice,,
G#7,Adim7,A#min7
x-x-6-8-7-8,x-x-7-8-7-8,x-x-8-10-9-9
Bflat Blues 2_copy_slice,,
Adim7,A#min7,D#7
x-x-7-8-7-8,x-x-8-10-9-9,x-x-8-8-8-9
Bflat Blues 2_copy_slice,,
A7,D7,A7
x-x-7-9-8-9,x-x-7-7-7-8,x-x-7-9-8-9
Bflat Blues 2_copy_slice,,
D7,A7,A7
x-x-7-7-7-8,x-x-7-9-8-9,x-x-7-9-8-9
Bflat Blues 2_copy_slice,,
A7,A7,D7
x-x-7-9-8-9,x-x-7-9-8-9,x-x-7-7-7-8
Bflat Blues 2_copy_slice,,
A7,D7,D#dim7
x-x-7-9-8-9,x-x-7-7-7-8,x-x-7-8-7-8
Bflat Blues 2_copy_slice,,
D7,D#dim7,A7
x-x-7-7-7-8,x-x-7-8-7-8,x-x-7-9-8-9
Bflat Blues 2_copy_slice,,
D#dim7,A7,A#dim7
x-x-7-8-7-8,x-x-7-9-8-9,x-x-8-9-8-9
Bflat Blues 2_copy_slice,,
A7,A#dim7,Bmin7
x-x-7-9-8-9,x-x-8-9-8-9,x-x-9-11-10-10
Bflat Blues 2_copy_slice,,
A#dim7,Bmin7,E7
x-x-8-9-8-9,x-x-9-11-10-10,x-x-9-9-9-10
Bflat Blues 2_copy_slice,,
Bmin7,E7,A7
x-x-9-11-10-10,x-x-9-9-9-10,x-x-7-9-8-9
Bflat Blues 2_copy_slice,,
E7,A7,A#dim7
x-x-9-9-9-10,x-x-7-9-8-9,x-x-8-9-8-9
Bflat Blues 2_copy_slice,,
A7,A#dim7,Bmin7
x-x-7-9-8-9,x-x-8-9-8-9,x-x-9-11-10-10
Bflat Blues 2_copy_slice,,
A#dim7,Bmin7,E7
x-x-8-9-8-9,x-x-9-11-10-10,x-x-9-9-9-10
Bflat Blues 2_copy_slice,,
A#7,D#7,A#7
x-x-8-10-9-10,x-x-8-8-8-9,x-x-8-10-9-10
Bflat Blues 2_copy_slice,,
D#7,A#7,A#7
x-x-8-8-8-9,x-x-8-10-9-10,x-x-8-10-9-10
Bflat Blues 2_copy_slice,,
A#7,A#7,D#7
x-x-8-10-9-10,x-x-8-10-9-10,x-x-8-8-8-9
Bflat Blues 2_copy_slice,,
A#7,D#7,Edim7
x-x-8-10-9-10,x-x-8-8-8-9,x-x-8-9-8-9
Bflat Blues 2_copy_slice,,
D#7,Edim7,A#7
x-x-8-8-8-9,x-x-8-9-8-9,x-x-8-10-9-10
Bflat Blues 2_copy_slice,,
Edim7,A#7,Bdim7
x-x-8-9-8-9,x-x-8-10-9-10,x-x-9-10-9-10
Bflat Blues 2_copy_slice,,
A#7,Bdim7,Cmin7
x-x-8-10-9-10,x-x-9-10-9-10,x-x-10-12-11-11
Bflat Blues 2_copy_slice,,
Bdim7,Cmin7,F7
x-x-9-10-9-10,x-x-10-12-11-11,x-x-10-10-10-11
Bflat Blues 2_copy_slice,,
Cmin7,F7,A#7
x-x-10-12-11-11,x-x-10-10-10-11,x-x-8-10-9-10
Bflat Blues 2_copy_slice,,
F7,A#7,Bdim7
x-x-10-10-10-11,x-x-8-10-9-10,x-x-9-10-9-10
Bflat Blues 2_copy_slice,,
A#7,Bdim7,Cmin7
x-x-8-10-9-10,x-x-9-10-9-10,x-x-10-12-11-11
Bflat Blues 2_copy_slice,,
Bdim7,Cmin7,F7
x-x-9-10-9-10,x-x-10-12-11-11,x-x-10-10-10-11
Bflat Blues 2_copy_slice,,
B7,E7,B7
x-x-9-11-10-11,x-x-9-9-9-10,x-x-9-11-10-11
Bflat Blues 2_copy_slice,,
E7,B7,B7
x-x-9-9-9-10,x-x-9-11-10-11,x-x-9-11-10-11
Bflat Blues 2_copy_slice,,
B7,B7,E7
x-x-9-11-10-11,x-x-9-11-10-11,x-x-9-9-9-10
Bflat Blues 2_copy_slice,,
B7,E7,Fdim7
x-x-9-11-10-11,x-x-9-9-9-10,x-x-9-10-9-10
Bflat Blues 2_copy_slice,,
E7,Fdim7,B7
x-x-9-9-9-10,x-x-9-10-9-10,x-x-9-11-10-11
Bflat Blues 2_copy_slice,,
Fdim7,B7,Cdim7
x-x-9-10-9-10,x-x-9-11-10-11,x-x-10-11-10-11
Bflat Blues 2_copy_slice,,
B7,Cdim7,C#min7
x-x-9-11-10-11,x-x-10-11-10-11,x-x-11-13-12-12
Bflat Blues 2_copy_slice,,
Cdim7,C#min7,F#7
x-x-10-11-10-11,x-x-11-13-12-12,x-x-11-11-11-12
Bflat Blues 2_copy_slice,,
C#min7,F#7,B7
x-x-11-13-12-12,x-x-11-11-11-12,x-x-9-11-10-11
Bflat Blues 2_copy_slice,,
F#7,B7,Cdim7
x-x-11-11-11-12,x-x-9-11-10-11,x-x-10-11-10-11
Bflat Blues 2_copy_slice,,
B7,Cdim7,C#min7
x-x-9-11-10-11,x-x-10-11-10-11,x-x-11-13-12-12
Bflat Blues 2_copy_slice,,
Cdim7,C#min7,F#7
x-x-10-11-10-11,x-x-11-13-12-12,x-x-11-11-11-12
Bflat Blues 2_copy_slice,,
C7,F7,C7
x-x-10-12-11-12,x-x-10-10-10-11,x-x-10-12-11-12
Bflat Blues 2_copy_slice,,
F7,C7,C7
x-x-10-10-10-11,x-x-10-12-11-12,x-x-10-12-11-12
Bflat Blues 2_copy_slice,,
C7,C7,F7
x-x-10-12-11-12,x-x-10-12-11-12,x-x-10-10-10-11
Bflat Blues 2_copy_slice,,
C7,F7,F#dim7
x-x-10-12-11-12,x-x-10-10-10-11,x-x-10-11-10-11
Bflat Blues 2_copy_slice,,
F7,F#dim7,C7
x-x-10-10-10-11,x-x-10-11-10-11,x-x-10-12-11-12
Bflat Blues 2_copy_slice,,
F#dim7,C7,C#dim7
x-x-10-11-10-11,x-x-10-12-11-12,x-x-11-12-11-12
Bflat Blues 2_copy_slice,,
C7,C#dim7,Dmin7
x-x-10-12-11-12,x-x-11-12-11-12,x-x-12-14-13-13
Bflat Blues 2_copy_slice,,
C#dim7,Dmin7,G7
x-x-11-12-11-12,x-x-12-14-13-13,x-x-12-12-12-13
Bflat Blues 2_copy_slice,,
Dmin7,G7,C7
x-x-12-14-13-13,x-x-12-12-12-13,x-x-10-12-11-12
Bflat Blues 2_copy_slice,,
G7,C7,C#dim7
x-x-12-12-12-13,x-x-10-12-11-12,x-x-11-12-11-12
Bflat Blues 2_copy_slice,,
C7,C#dim7,Dmin7
x-x-10-12-11-12,x-x-11-12-11-12,x-x-12-14-13-13
Bflat Blues 2_copy_slice,,
C#dim7,Dmin7,G7
x-x-11-12-11-12,x-x-12-14-13-13,x-x-12-12-12-13
Bflat Blues 2_copy_slice,,
C#7,F#7,C#7
x-x-11-13-12-13,x-x-11-11-11-12,x-x-11-13-12-13
Bflat Blues 2_copy_slice,,
F#7,C#7,C#7
x-x-11-11-11-12,x-x-11-13-12-13,x-x-11-13-12-13
Bflat Blues 2_copy_slice,,
C#7,C#7,F#7
x-x-11-13-12-13,x-x-11-13-12-13,x-x-11-11-11-12
Bflat Blues 2_copy_slice,,
C#7,F#7,Gdim7
x-x-11-13-12-13,x-x-11-11-11-12,x-x-11-12-11-12
Bflat Blues 2_copy_slice,,
F#7,Gdim7,C#7
x-x-11-11-11-12,x-x-11-12-11-12,x-x-11-13-12-13
Bflat Blues 2_copy_slice,,
Gdim7,C#7,Ddim7
x-x-11-12-11-12,x-x-11-13-12-13,x-x-12-13-12-13
Bflat Blues 2_copy_slice,,
C#7,Ddim7,D#min7
x-x-11-13-12-13,x-x-12-13-12-13,x-x-13-15-14-14
Bflat Blues 2_copy_slice,,
Ddim7,D#min7,G#7
x-x-12-13-12-13,x-x-13-15-14-14,x-x-13-13-13-14
Bflat Blues 2_copy_slice,,
D#min7,G#7,C#7
x-x-13-15-14-14,x-x-13-13-13-14,x-x-11-13-12-13
Bflat Blues 2_copy_slice,,
G#7,C#7,Ddim7
x-x-13-13-13-14,x-x-11-13-12-13,x-x-12-13-12-13
Bflat Blues 2_copy_slice,,
C#7,Ddim7,D#min7
x-x-11-13-12-13,x-x-12-13-12-13,x-x-13-15-14-14
Bflat Blues 2_copy_slice,,
Ddim7,D#min7,G#7
x-x-12-13-12-13,x-x-13-15-14-14,x-x-13-13-13-14
Bflat Blues 2_copy_slice,,
D7,G7,D7
x-x-12-14-13-14,x-x-12-12-12-13,x-x-12-14-13-14
Bflat Blues 2_copy_slice,,
G7,D7,D7
x-x-12-12-12-13,x-x-12-14-13-14,x-x-12-14-13-14
Bflat Blues 2_copy_slice,,
D7,D7,G7
x-x-12-14-13-14,x-x-12-14-13-14,x-x-12-12-12-13
Bflat Blues 2_copy_slice,,
D7,G7,G#dim7
x-x-12-14-13-14,x-x-12-12-12-13,x-x-12-13-12-13
Bflat Blues 2_copy_slice,,
G7,G#dim7,D7
x-x-12-12-12-13,x-x-12-13-12-13,x-x-12-14-13-14
Bflat Blues 2_copy_slice,,
G#dim7,D7,D#dim7
x-x-12-13-12-13,x-x-12-14-13-14,x-x-13-14-13-14
Bflat Blues 2_copy_slice,,
D7,D#dim7,Emin7
x-x-12-14-13-14,x-x-13-14-13-14,x-x-14-16-15-15
Bflat Blues 2_copy_slice,,
D#dim7,Emin7,A7
x-x-13-14-13-14,x-x-14-16-15-15,x-x-14-14-14-15
Bflat Blues 2_copy_slice,,
Emin7,A7,D7
x-x-14-16-15-15,x-x-14-14-14-15,x-x-12-14-13-14
Bflat Blues 2_copy_slice,,
A7,D7,D#dim7
x-x-14-14-14-15,x-x-12-14-13-14,x-x-13-14-13-14
Bflat Blues 2_copy_slice,,
D7,D#dim7,Emin7
x-x-12-14-13-14,x-x-13-14-13-14,x-x-14-16-15-15
Bflat Blues 2_copy_slice,,
D#dim7,Emin7,A7
x-x-13-14-13-14,x-x-14-16-15-15,x-x-14-14-14-15
Bflat Blues 2_copy_slice,,
D#7,G#7,D#7
x-x-13-15-14-15,x-x-13-13-13-14,x-x-13-15-14-15
Bflat Blues 2_copy_slice,,
G#7,D#7,D#7
x-x-13-13-13-14,x-x-13-15-14-15,x-x-13-15-14-15
Bflat Blues 2_copy_slice,,
D#7,D#7,G#7
x-x-13-15-14-15,x-x-13-15-14-15,x-x-13-13-13-14
Bflat Blues 2_copy_slice,,
D#7,G#7,Adim7
x-x-13-15-14-15,x-x-13-13-13-14,x-x-13-14-13-14
Bflat Blues 2_copy_slice,,
G#7,Adim7,D#7
x-x-13-13-13-14,x-x-13-14-13-14,x-x-13-15-14-15
Bflat Blues 2_copy_slice,,
Adim7,D#7,Edim7
x-x-13-14-13-14,x-x-13-15-14-15,x-x-14-15-14-15
Bflat Blues 2_copy_slice,,
D#7,Edim7,Fmin7
x-x-13-15-14-15,x-x-14-15-14-15,x-x-15-17-16-16
Bflat Blues 2_copy_slice,,
Edim7,Fmin7,A#7
x-x-14-15-14-15,x-x-15-17-16-16,x-x-15-15-15-16
Bflat Blues 2_copy_slice,,
Fmin7,A#7,D#7
x-x-15-17-16-16,x-x-15-15-15-16,x-x-13-15-14-15
Bflat Blues 2_copy_slice,,
A#7,D#7,Edim7
x-x-15-15-15-16,x-x-13-15-14-15,x-x-14-15-14-15
Bflat Blues 2_copy_slice,,
D#7,Edim7,Fmin7
x-x-13-15-14-15,x-x-14-15-14-15,x-x-15-17-16-16
Bflat Blues 2_copy_slice,,
Edim7,Fmin7,A#7
x-x-14-15-14-15,x-x-15-17-16-16,x-x-15-15-15-16
Bflat Blues 2_copy_slice,,
E7,A7,E7
x-x-14-16-15-16,x-x-14-14-14-15,x-x-14-16-15-16
Bflat Blues 2_copy_slice,,
A7,E7,E7
x-x-14-14-14-15,x-x-14-16-15-16,x-x-14-16-15-16
Bflat Blues 2_copy_slice,,
E7,E7,A7
x-x-14-16-15-16,x-x-14-16-15-16,x-x-14-14-14-15
Bflat Blues 2_copy_slice,,
E7,A7,A#dim7
x-x-14-16-15-16,x-x-14-14-14-15,x-x-14-15-14-15
Bflat Blues 2_copy_slice,,
A7,A#dim7,E7
x-x-14-14-14-15,x-x-14-15-14-15,x-x-14-16-15-16
Bflat Blues 2_copy_slice,,
A#dim7,E7,Fdim7
x-x-14-15-14-15,x-x-14-16-15-16,x-x-15-16-15-16
Bflat Blues 2_copy_slice,,
E7,Fdim7,F#min7
x-x-14-16-15-16,x-x-15-16-15-16,x-x-16-18-17-17
Bflat Blues 2_copy_slice,,
Fdim7,F#min7,B7
x-x-15-16-15-16,x-x-16-18-17-17,x-x-16-16-16-17
Bflat Blues 2_copy_slice,,
F#min7,B7,E7
x-x-16-18-17-17,x-x-16-16-16-17,x-x-14-16-15-16
Bflat Blues 2_copy_slice,,
B7,E7,Fdim7
x-x-16-16-16-17,x-x-14-16-15-16,x-x-15-16-15-16
Bflat Blues 2_copy_slice,,
E7,Fdim7,F#min7
x-x-14-16-15-16,x-x-15-16-15-16,x-x-16-18-17-17
Bflat Blues 2_copy_slice,,
Fdim7,F#min7,B7
x-x-15-16-15-16,x-x-16-18-17-17,x-x-16-16-16-17
Bflat Blues 3_slice,,
A#7,D#7,A#7
x-8-8-7-9-x,x-6-8-6-8-x,x-8-8-7-9-x
Bflat Blues 3_slice,,
D#7,A#7,A#7
x-6-8-6-8-x,x-8-8-7-9-x,x-8-8-7-9-x
Bflat Blues 3_slice,,
A#7,A#7,D#7
x-8-8-7-9-x,x-8-8-7-9-x,x-6-8-6-8-x
Bflat Blues 3_slice,,
A#7,D#7,Edim7
x-8-8-7-9-x,x-6-8-6-8-x,x-7-8-6-8-x
Bflat Blues 3_slice,,
D#7,Edim7,A#7
x-6-8-6-8-x,x-7-8-6-8-x,x-8-8-7-9-x
Bflat Blues 3_slice,,
Edim7,A#7,Bdim7
x-7-8-6-8-x,x-8-8-7-9-x,x-8-9-7-9-x
Bflat Blues 3_slice,,
A#7,Bdim7,Cmin7
x-8-8-7-9-x,x-8-9-7-9-x,x-10-10-8-11-x
Bflat Blues 3_slice,,
Bdim7,Cmin7,F7
x-8-9-7-9-x,x-10-10-8-11-x,x-8-10-8-10-x
Bflat Blues 3_slice,,
Cmin7,F7,A#7
x-10-10-8-11-x,x-8-10-8-10-x,x-8-8-7-9-x
Bflat Blues 3_slice,,
F7,A#7,Bdim7
x-8-10-8-10-x,x-8-8-7-9-x,x-8-9-7-9-x
Bflat Blues 3_slice,,
A#7,Bdim7,Cmin7
x-8-8-7-9-x,x-8-9-7-9-x,x-10-10-8-11-x
Bflat Blues 3_slice,,
Bdim7,Cmin7,F7
x-8-9-7-9-x,x-10-10-8-11-x,x-8-10-8-10-x
Bflat Blues 3_copy_slice,,
F7,A#7,F7
x-3-3-2-4-x,x-1-3-1-3-x,x-3-3-2-4-x
Bflat Blues 3_copy_slice,,
A#7,F7,F7
x-1-3-1-3-x,x-3-3-2-4-x,x-3-3-2-4-x
Bflat Blues 3_copy_slice,,
F7,F7,A#7
x-3-3-2-4-x,x-3-3-2-4-x,x-1-3-1-3-x
Bflat Blues 3_copy_slice,,
F7,A#7,Bdim7
x-3-3-2-4-x,x-1-3-1-3-x,x-2-3-1-3-x
Bflat Blues 3_copy_slice,,
A#7,Bdim7,F7
x-1-3-1-3-x,x-2-3-1-3-x,x-3-3-2-4-x
Bflat Blues 3_copy_slice,,
Bdim7,F7,F#dim7
x-2-3-1-3-x,x-3-3-2-4-x,x-3-4-2-4-x
Bflat Blues 3_copy_slice,,
F7,F#dim7,Gmin7
x-3-3-2-4-x,x-3-4-2-4-x,x-5-5-3-6-x
Bflat Blues 3_copy_slice,,
F#dim7,Gmin7,C7
x-3-4-2-4-x,x-5-5-3-6-x,x-3-5-3-5-x
Bflat Blues 3_copy_slice,,
Gmin7,C7,F7
x-5-5-3-6-x,x-3-5-3-5-x,x-3-3-2-4-x
Bflat Blues 3_copy_slice,,
C7,F7,F#dim7
x-3-5-3-5-x,x-3-3-2-4-x,x-3-4-2-4-x
Bflat Blues 3_copy_slice,,
F7,F#dim7,Gmin7
x-3-3-2-4-x,x-3-4-2-4-x,x-5-5-3-6-x
Bflat Blues 3_copy_slice,,
F#dim7,Gmin7,C7
x-3-4-2-4-x,x-5-5-3-6-x,x-3-5-3-5-x
Bflat Blues 3_copy_slice,,
F#7,B7,F#7
x-4-4-3-5-x,x-2-4-2-4-x,x-4-4-3-5-x
Bflat Blues 3_copy_slice,,
B7,F#7,F#7
x-2-4-2-4-x,x-4-4-3-5-x,x-4-4-3-5-x
Bflat Blues 3_copy_slice,,
F#7,F#7,B7
x-4-4-3-5-x,x-4-4-3-5-x,x-2-4-2-4-x
Bflat Blues 3_copy_slice,,
F#7,B7,Cdim7
x-4-4-3-5-x,x-2-4-2-4-x,x-3-4-2-4-x
Bflat Blues 3_copy_slice,,
B7,Cdim7,F#7
x-2-4-2-4-x,x-3-4-2-4-x,x-4-4-3-5-x
Bflat Blues 3_copy_slice,,
Cdim7,F#7,Gdim7
x-3-4-2-4-x,x-4-4-3-5-x,x-4-5-3-5-x
Bflat Blues 3_copy_slice,,
F#7,Gdim7,G#min7
x-4-4-3-5-x,x-4-5-3-5-x,x-6-6-4-7-x
Bflat Blues 3_copy_slice,,
Gdim7,G#min7,C#7
x-4-5-3-5-x,x-6-6-4-7-x,x-4-6-4-6-x
Bflat Blues 3_copy_slice,,
G#min7,C#7,F#7
x-6-6-4-7-x,x-4-6-4-6-x,x-4-4-3-5-x
Bflat Blues 3_copy_slice,,
C#7,F#7,Gdim7
x-4-6-4-6-x,x-4-4-3-5-x,x-4-5-3-5-x
Bflat Blues 3_copy_slice,,
F#7,Gdim7,G#min7
x-4-4-3-5-x,x-4-5-3-5-x,x-6-6-4-7-x
Bflat Blues 3_copy_slice,,
Gdim7,G#min7,C#7
x-4-5-3-5-x,x-6-6-4-7-x,x-4-6-4-6-x
Bflat Blues 3_copy_slice,,
G7,C7,G7
x-5-5-4-6-x,x-3-5-3-5-x,x-5-5-4-6-x
Bflat Blues 3_copy_slice,,
C7,G7,G7
x-3-5-3-5-x,x-5-5-4-6-x,x-5-5-4-6-x
Bflat Blues 3_copy_slice,,
G7,G7,C7
x-5-5-4-6-x,x-5-5-4-6-x,x-3-5-3-5-x
Bflat Blues 3_copy_slice,,
G7,C7,C#dim7
x-5-5-4-6-x,x-3-5-3-5-x,x-4-5-3-5-x
Bflat Blues 3_copy_slice,,
C7,C#dim7,G7
x-3-5-3-5-x,x-4-5-3-5-x,x-5-5-4-6-x
Bflat Blues 3_copy_slice,,
C#dim7,G7,G#dim7
x-4-5-3-5-x,x-5-5-4-6-x,x-5-6-4-6-x
Bflat Blues 3_copy_slice,,
G7,G#dim7,Amin7
x-5-5-4-6-x,x-5-6-4-6-x,x-7-7-5-8-x
Bflat Blues 3_copy_slice,,
G#dim7,Amin7,D7
x-5-6-4-6-x,x-7-7-5-8-x,x-5-7-5-7-x
Bflat Blues 3_copy_slice,,
Amin7,D7,G7
x-7-7-5-8-x,x-5-7-5-7-x,x-5-5-4-6-x
Bflat Blues 3_copy_slice,,
D7,G7,G#dim7
x-5-7-5-7-x,x-5-5-4-6-x,x-5-6-4-6-x
Bflat Blues 3_copy_slice,,
G7,G#dim7,Amin7
x-5-5-4-6-x,x-5-6-4-6-x,x-7-7-5-8-x
Bflat Blues 3_copy_slice,,
G#dim7,Amin7,D7
x-5-6-4-6-x,x-7-7-5-8-x,x-5-7-5-7-x
Bflat Blues 3_copy_slice,,
G#7,C#7,G#7
x-6-6-5-7-x,x-4-6-4-6-x,x-6-6-5-7-x
Bflat Blues 3_copy_slice,,
C#7,G#7,G#7
x-4-6-4-6-x,x-6-6-5-7-x,x-6-6-5-7-x
Bflat Blues 3_copy_slice,,
G#7,G#7,C#7
x-6-6-5-7-x,x-6-6-5-7-x,x-4-6-4-6-x
Bflat Blues 3_copy_slice,,
G#7,C#7,Ddim7
x-6-6-5-7-x,x-4-6-4-6-x,x-5-6-4-6-x
Bflat Blues 3_copy_slice,,
C#7,Ddim7,G#7
x-4-6-4-6-x,x-5-6-4-6-x,x-6-6-5-7-x
Bflat Blues 3_copy_slice,,
Ddim7,G#7,Adim7
x-5-6-4-6-x,x-6-6-5-7-x,x-6-7-5-7-x
Bflat Blues 3_copy_slice,,
G#7,Adim7,A#min7
x-6-6-5-7-x,x-6-7-5-7-x,x-8-8-6-9-x
Bflat Blues 3_copy_slice,,
Adim7,A#min7,D#7
x-6-7-5-7-x,x-8-8-6-9-x,x-6-8-6-8-x
Bflat Blues 3_copy_slice,,
A#min7,D#7,G#7
x-8-8-6-9-x,x-6-8-6-8-x,x-6-6-5-7-x
Bflat Blues 3_copy_slice,,
D#7,G#7,Adim7
x-6-8-6-8-x,x-6-6-5-7-x,x-6-7-5-7-x
Bflat Blues 3_copy_slice,,
G#7,Adim7,A#min7
x-6-6-5-7-x,x-6-7-5-7-x,x-8-8-6-9-x
Bflat Blues 3_copy_slice,,
Adim7,A#min7,D#7
x-6-7-5-7-x,x-8-8-6-9-x,x-6-8-6-8-x
Bflat Blues 3_copy_slice,,
A7,D7,A7
x-7-7-6-8-x,x-5-7-5-7-x,x-7-7-6-8-x
Bflat Blues 3_copy_slice,,
D7,A7,A7
x-5-7-5-7-x,x-7-7-6-8-x,x-7-7-6-8-x
Bflat Blues 3_copy_slice,,
A7,A7,D7
x-7-7-6-8-x,x-7-7-6-8-x,x-5-7-5-7-x
Bflat Blues 3_copy_slice,,
A7,D7,D#dim7
x-7-7-6-8-x,x-5-7-5-7-x,x-6-7-5-7-x
Bflat Blues 3_copy_slice,,
D7,D#dim7,A7
x-5-7-5-7-x,x-6-7-5-7-x,x-7-7-6-8-x
Bflat Blues 3_copy_slice,,
D#dim7,A7,A#dim7
x-6-7-5-7-x,x-7-7-6-8-x,x-7-8-6-8-x
Bflat Blues 3_copy_slice,,
A7,A#dim7,Bmin7
x-7-7-6-8-x,x-7-8-6-8-x,x-9-9-7-10-x
Bflat Blues 3_copy_slice,,
A#dim7,Bmin7,E7
x-7-8-6-8-x,x-9-9-7-10-x,x-7-9-7-9-x
Bflat Blues 3_copy_slice,,
Bmin7,E7,A7
x-9-9-7-10-x,x-7-9-7-9-x,x-7-7-6-8-x
Bflat Blues 3_copy_slice,,
E7,A7,A#dim7
x-7-9-7-9-x,x-7-7-6-8-x,x-7-8-6-8-x
Bflat Blues 3_copy_slice,,
A7,A#dim7,Bmin7
x-7-7-6-8-x,x-7-8-6-8-x,x-9-9-7-10-x
Bflat Blues 3_copy_slice,,
A#dim7,Bmin7,E7
x-7-8-6-8-x,x-9-9-7-10-x,x-7-9-7-9-x
Bflat Blues 3_copy_slice,,
A#7,D#7,A#7
x-8-8-7-9-x,x-6-8-6-8-x,x-8-8-7-9-x
Bflat Blues 3_copy_slice,,
D#7,A#7,A#7
x-6-8-6-8-x,x-8-8-7-9-x,x-8-8-7-9-x
Bflat Blues 3_copy_slice,,
A#7,A#7,D#7
x-8-8-7-9-x,x-8-8-7-9-x,x-6-8-6-8-x
Bflat Blues 3_copy_slice,,
A#7,D#7,Edim7
x-8-8-7-9-x,x-6-8-6-8-x,x-7-8-6-8-x
Bflat Blues 3_copy_slice,,
D#7,Edim7,A#7
x-6-8-6-8-x,x-7-8-6-8-x,x-8-8-7-9-x
Bflat Blues 3_copy_slice,,
Edim7,A#7,Bdim7
x-7-8-6-8-x,x-8-8-7-9-x,x-8-9-7-9-x
Bflat Blues 3_copy_slice,,
A#7,Bdim7,Cmin7
x-8-8-7-9-x,x-8-9-7-9-x,x-10-10-8-11-x
Bflat Blues 3_copy_slice,,
Bdim7,Cmin7,F7
x-8-9-7-9-x,x-10-10-8-11-x,x-8-10-8-10-x
Bflat Blues 3_copy_slice,,
Cmin7,F7,A#7
x-10-10-8-11-x,x-8-10-8-10-x,x-8-8-7-9-x
Bflat Blues 3_copy_slice,,
F7,A#7,Bdim7
x-8-10-8-10-x,x-8-8-7-9-x,x-8-9-7-9-x
Bflat Blues 3_copy_slice,,
A#7,Bdim7,Cmin7
x-8-8-7-9-x,x-8-9-7-9-x,x-10-10-8-11-x
Bflat Blues 3_copy_slice,,
Bdim7,Cmin7,F7
x-8-9-7-9-x,x-10-10-8-11-x,x-8-10-8-10-x
Bflat Blues 3_copy_slice,,
B7,E7,B7
x-9-9-8-10-x,x-7-9-7-9-x,x-9-9-8-10-x
Bflat Blues 3_copy_slice,,
E7,B7,B7
x-7-9-7-9-x,x-9-9-8-10-x,x-9-9-8-10-x
Bflat Blues 3_copy_slice,,
B7,B7,E7
x-9-9-8-10-x,x-9-9-8-10-x,x-7-9-7-9-x
Bflat Blues 3_copy_slice,,
B7,E7,Fdim7
x-9-9-8-10-x,x-7-9-7-9-x,x-8-9-7-9-x
Bflat Blues 3_copy_slice,,
E7,Fdim7,B7
x-7-9-7-9-x,x-8-9-7-9-x,x-9-9-8-10-x
Bflat Blues 3_copy_slice,,
Fdim7,B7,Cdim7
x-8-9-7-9-x,x-9-9-8-10-x,x-9-10-8-10-x
Bflat Blues 3_copy_slice,,
B7,Cdim7,C#min7
x-9-9-8-10-x,x-9-10-8-10-x,x-11-11-9-12-x
Bflat Blues 3_copy_slice,,
Cdim7,C#min7,F#7
x-9-10-8-10-x,x-11-11-9-12-x,x-9-11-9-11-x
Bflat Blues 3_copy_slice,,
C#min7,F#7,B7
x-11-11-9-12-x,x-9-11-9-11-x,x-9-9-8-10-x
Bflat Blues 3_copy_slice,,
F#7,B7,Cdim7
x-9-11-9-11-x,x-9-9-8-10-x,x-9-10-8-10-x
Bflat Blues 3_copy_slice,,
B7,Cdim7,C#min7
x-9-9-8-10-x,x-9-10-8-10-x,x-11-11-9-12-x
Bflat Blues 3_copy_slice,,
Cdim7,C#min7,F#7
x-9-10-8-10-x,x-11-11-9-12-x,x-9-11-9-11-x
Bflat Blues 3_copy_slice,,
C7,F7,C7
x-10-10-9-11-x,x-8-10-8-10-x,x-10-10-9-11-x
Bflat Blues 3_copy_slice,,
F7,C7,C7
x-8-10-8-10-x,x-10-10-9-11-x,x-10-10-9-11-x
Bflat Blues 3_copy_slice,,
C7,C7,F7
x-10-10-9-11-x,x-10-10-9-11-x,x-8-10-8-10-x
Bflat Blues 3_copy_slice,,
C7,F7,F#dim7
x-10-10-9-11-x,x-8-10-8-10-x,x-9-10-8-10-x
Bflat Blues 3_copy_slice,,
F7,F#dim7,C7
x-8-10-8-10-x,x-9-10-8-10-x,x-10-10-9-11-x
Bflat Blues 3_copy_slice,,
F#dim7,C7,C#dim7
x-9-10-8-10-x,x-10-10-9-11-x,x-10-11-9-11-x
Bflat Blues 3_copy_slice,,
C7,C#dim7,Dmin7
x-10-10-9-11-x,x-10-11-9-11-x,x-12-12-10-13-x
Bflat Blues 3_copy_slice,,
C#dim7,Dmin7,G7
x-10-11-9-11-x,x-12-12-10-13-x,x-10-12-10-12-x
Bflat Blues 3_copy_slice,,
Dmin7,G7,C7
x-12-12-10-13-x,x-10-12-10-12-x,x-10-10-9-11-x
Bflat Blues 3_copy_slice,,
G7,C7,C#dim7
x-10-12-10-12-x,x-10-10-9-11-x,x-10-11-9-11-x
Bflat Blues 3_copy_slice,,
C7,C#dim7,Dmin7
x-10-10-9-11-x,x-10-11-9-11-x,x-12-12-10-13-x
Bflat Blues 3_copy_slice,,
C#dim7,Dmin7,G7
x-10-11-9-11-x,x-12-12-10-13-x,x-10-12-10-12-x
Bflat Blues 3_copy_slice,,
C#7,F#7,C#7
x-11-11-10-12-x,x-9-11-9-11-x,x-11-11-10-12-x
Bflat Blues 3_copy_slice,,
F#7,C#7,C#7
x-9-11-9-11-x,x-11-11-10-12-x,x-11-11-10-12-x
Bflat Blues 3_copy_slice,,
C#7,C#7,F#7
x-11-11-10-12-x,x-11-11-10-12-x,x-9-11-9-11-x
Bflat Blues 3_copy_slice,,
C#7,F#7,Gdim7
x-11-11-10-12-x,x-9-11-9-11-x,x-10-11-9-11-x
Bflat Blues 3_copy_slice,,
F#7,Gdim7,C#7
x-9-11-9-11-x,x-10-11-9-11-x,x-11-11-10-12-x
Bflat Blues 3_copy_slice,,
Gdim7,C#7,Ddim7
x-10-11-9-11-x,x-11-11-10-12-x,x-11-12-10-12-x
Bflat Blues 3_copy_slice,,
C#7,Ddim7,D#min7
x-11-11-10-12-x,x-11-12-10-12-x,x-13-13-11-14-x
Bflat Blues 3_copy_slice,,
Ddim7,D#min7,G#7
x-11-12-10-12-x,x-13-13-11-14-x,x-11-13-11-13-x
Bflat Blues 3_copy_slice,,
D#min7,G#7,C#7
x-13-13-11-14-x,x-11-13-11-13-x,x-11-11-10-12-x
Bflat Blues 3_copy_slice,,
G#7,C#7,Ddim7
x-11-13-11-13-x,x-11-11-10-12-x,x-11-12-10-12-x
Bflat Blues 3_copy_slice,,
C#7,Ddim7,D#min7
x-11-11-10-12-x,x-11-12-10-12-x,x-13-13-11-14-x
Bflat Blues 3_copy_slice,,
Ddim7,D#min7,G#7
x-11-12-10-12-x,x-13-13-11-14-x,x-11-13-11-13-x
Bflat Blues 3_copy_slice,,
D7,G7,D7
x-12-12-11-13-x,x-10-12-10-12-x,x-12-12-11-13-x
Bflat Blues 3_copy_slice,,
G7,D7,D7
x-10-12-10-12-x,x-12-12-11-13-x,x-12-12-11-13-x
Bflat Blues 3_copy_slice,,
D7,D7,G7
x-12-12-11-13-x,x-12-12-11-13-x,x-10-12-10-12-x
Bflat Blues 3_copy_slice,,
D7,G7,G#dim7
x-12-12-11-13-x,x-10-12-10-12-x,x-11-12-10-12-x
Bflat Blues 3_copy_slice,,
G7,G#dim7,D7
x-10-12-10-12-x,x-11-12-10-12-x,x-12-12-11-13-x
Bflat Blues 3_copy_slice,,
G#dim7,D7,D#dim7
x-11-12-10-12-x,x-12-12-11-13-x,x-12-13-11-13-x
Bflat Blues 3_copy_slice,,
D7,D#dim7,Emin7
x-12-12-11-13-x,x-12-13-11-13-x,x-14-14-12-15-x
Bflat Blues 3_copy_slice,,
D#dim7,Emin7,A7
x-12-13-11-13-x,x-14-14-12-15-x,x-12-14-12-14-x
Bflat Blues 3_copy_slice,,
Emin7,A7,D7
x-14-14-12-15-x,x-12-14-12-14-x,x-12-12-11-13-x
Bflat Blues 3_copy_slice,,
A7,D7,D#dim7
x-12-14-12-14-x,x-12-12-11-13-x,x-12-13-11-13-x
Bflat Blues 3_copy_slice,,
D7,D#dim7,Emin7
x-12-12-11-13-x,x-12-13-11-13-x,x-14-14-12-15-x
Bflat Blues 3_copy_slice,,
D#dim7,Emin7,A7
x-12-13-11-13-x,x-14-14-12-15-x,x-12-14-12-14-x
Bflat Blues 3_copy_slice,,
D#7,G#7,D#7
x-13-13-12-14-x,x-11-13-11-13-x,x-13-13-12-14-x
Bflat Blues 3_copy_slice,,
G#7,D#7,D#7
x-11-13-11-13-x,x-13-13-12-14-x,x-13-13-12-14-x
Bflat Blues 3_copy_slice,,
D#7,D#7,G#7
x-13-13-12-14-x,x-13-13-12-14-x,x-11-13-11-13-x
Bflat Blues 3_copy_slice,,
D#7,G#7,Adim7
x-13-13-12-14-x,x-11-13-11-13-x,x-12-13-11-13-x
Bflat Blues 3_copy_slice,,
G#7,Adim7,D#7
x-11-13-11-13-x,x-12-13-11-13-x,x-13-13-12-14-x
Bflat Blues 3_copy_slice,,
Adim7,D#7,Edim7
x-12-13-11-13-x,x-13-13-12-14-x,x-13-14-12-14-x
Bflat Blues 3_copy_slice,,
D#7,Edim7,Fmin7
x-13-13-12-14-x,x-13-14-12-14-x,x-15-15-13-16-x
Bflat Blues 3_copy_slice,,
Edim7,Fmin7,A#7
x-13-14-12-14-x,x-15-15-13-16-x,x-13-15-13-15-x
Bflat Blues 3_copy_slice,,
Fmin7,A#7,D#7
x-15-15-13-16-x,x-13-15-13-15-x,x-13-13-12-14-x
Bflat Blues 3_copy_slice,,
A#7,D#7,Edim7
x-13-15-13-15-x,x-13-13-12-14-x,x-13-14-12-14-x
Bflat Blues 3_copy_slice,,
D#7,Edim7,Fmin7
x-13-13-12-14-x,x-13-14-12-14-x,x-15-15-13-16-x
Bflat Blues 3_copy_slice,,
Edim7,Fmin7,A#7
x-13-14-12-14-x,x-15-15-13-16-x,x-13-15-13-15-x
Bflat Blues 3_copy_slice,,
E7,A7,E7
x-14-14-13-15-x,x-12-14-12-14-x,x-14-14-13-15-x
Bflat Blues 3_copy_slice,,
A7,E7,E7
x-12-14-12-14-x,x-14-14-13-15-x,x-14-14-13-15-x
Bflat Blues 3_copy_slice,,
E7,E7,A7
x-14-14-13-15-x,x-14-14-13-15-x,x-12-14-12-14-x
Bflat Blues 3_copy_slice,,
E7,A7,A#dim7
x-14-14-13-15-x,x-12-14-12-14-x,x-13-14-12-14-x
Bflat Blues 3_copy_slice,,
A7,A#dim7,E7
x-12-14-12-14-x,x-13-14-12-14-x,x-14-14-13-15-x
Bflat Blues 3_copy_slice,,
A#dim7,E7,Fdim7
x-13-14-12-14-x,x-14-14-13-15-x,x-14-15-13-15-x
Bflat Blues 3_copy_slice,,
E7,Fdim7,F#min7
x-14-14-13-15-x,x-14-15-13-15-x,x-16-16-14-17-x
Bflat Blues 3_copy_slice,,
Fdim7,F#min7,B7
x-14-15-13-15-x,x-16-16-14-17-x,x-14-16-14-16-x
Bflat Blues 3_copy_slice,,
F#min7,B7,E7
x-16-16-14-17-x,x-14-16-14-16-x,x-14-14-13-15-x
Bflat Blues 3_copy_slice,,
B7,E7,Fdim7
x-14-16-14-16-x,x-14-14-13-15-x,x-14-15-13-15-x
Bflat Blues 3_copy_slice,,
E7,Fdim7,F#min7
x-14-14-13-15-x,x-14-15-13-15-x,x-16-16-14-17-x
Bflat Blues 3_copy_slice,,
Fdim7,F#min7,B7
x-14-15-13-15-x,x-16-16-14-17-x,x-14-16-14-16-x
Bflat Blues 3_copy_slice,,
F7,A#7,F7
x-15-15-14-16-x,x-13-15-13-15-x,x-15-15-14-16-x
Bflat Blues 3_copy_slice,,
A#7,F7,F7
x-13-15-13-15-x,x-15-15-14-16-x,x-15-15-14-16-x
Bflat Blues 3_copy_slice,,
F7,F7,A#7
x-15-15-14-16-x,x-15-15-14-16-x,x-13-15-13-15-x
Bflat Blues 3_copy_slice,,
F7,A#7,Bdim7
x-15-15-14-16-x,x-13-15-13-15-x,x-14-15-13-15-x
Bflat Blues 3_copy_slice,,
A#7,Bdim7,F7
x-13-15-13-15-x,x-14-15-13-15-x,x-15-15-14-16-x
Bflat Blues 3_copy_slice,,
Bdim7,F7,F#dim7
x-14-15-13-15-x,x-15-15-14-16-x,x-15-16-14-16-x
Bflat Blues 3_copy_slice,,
F7,F#dim7,Gmin7
x-15-15-14-16-x,x-15-16-14-16-x,x-17-17-15-18-x
Bflat Blues 3_copy_slice,,
F#dim7,Gmin7,C7
x-15-16-14-16-x,x-17-17-15-18-x,x-15-17-15-17-x
Bflat Blues 3_copy_slice,,
Gmin7,C7,F7
x-17-17-15-18-x,x-15-17-15-17-x,x-15-15-14-16-x
Bflat Blues 3_copy_slice,,
C7,F7,F#dim7
x-15-17-15-17-x,x-15-15-14-16-x,x-15-16-14-16-x
Bflat Blues 3_copy_slice,,
F7,F#dim7,Gmin7
x-15-15-14-16-x,x-15-16-14-16-x,x-17-17-15-18-x
Bflat Blues 3_copy_slice,,
F#dim7,Gmin7,C7
x-15-16-14-16-x,x-17-17-15-18-x,x-15-17-15-17-x
It could happen_slice,,
D#maj7,D#maj7,Gmin7f5
x-6-8-7-8-x,x-5-5-3-4-x,x-4-5-3-6-x
It could happen_slice,,
D#maj7,Gmin7f5,C7
x-5-5-3-4-x,x-4-5-3-6-x,x-3-5-3-5-x
It could happen_slice,,
Gmin7f5,C7,Fmin7
x-4-5-3-6-x,x-3-5-3-5-x,x-6-6-5-6-x
It could happen_slice,,
C7,Fmin7,Fmin7
x-3-5-3-5-x,x-6-6-5-6-x,x-8-10-8-9-x
It could happen_slice,,
Fmin7,Fmin7,Amin7f5
x-6-6-5-6-x,x-8-10-8-9-x,x-6-7-5-8-x
It could happen_slice,,
Fmin7,Amin7f5,D7
x-8-10-8-9-x,x-6-7-5-8-x,x-5-7-5-7-x
It could happen_slice,,
Amin7f5,D7,D#maj7
x-6-7-5-8-x,x-5-7-5-7-x,x-6-8-7-8-x
It could happen_slice,,
D7,D#maj7,D#maj7
x-5-7-5-7-x,x-6-8-7-8-x,x-x-5-7-4-6
It could happen_slice,,
D#maj7,D#maj7,G#maj7
x-6-8-7-8-x,x-x-5-7-4-6,x-x-6-8-8-8
It could happen_slice,,
D#maj7,G#maj7,G#maj7
x-x-5-7-4-6,x-x-6-8-8-8,x-x-5-5-4-4
It could happen_slice,,
G#maj7,G#maj7,Gmin7f5
x-x-6-8-8-8,x-x-5-5-4-4,x-x-3-3-2-3
It could happen_slice,,
G#maj7,Gmin7f5,Gmin7f5
x-x-5-5-4-4,x-x-3-3-2-3,x-4-5-3-6-x
It could happen_slice,,
Gmin7f5,Gmin7f5,C7
x-x-3-3-2-3,x-4-5-3-6-x,x-3-5-3-5-x
It could happen_slice,,
Gmin7f5,C7,C7
x-4-5-3-6-x,x-3-5-3-5-x,x-x-2-3-1-3
It could happen_slice,,
C7,C7,Fmin7
x-3-5-3-5-x,x-x-2-3-1-3,x-6-6-5-6-x
It could happen_slice,,
C7,Fmin7,Fmin7
x-x-2-3-1-3,x-6-6-5-6-x,x-8-10-8-9-x
It could happen_slice,,
Fmin7,Fmin7,G#min7
x-6-6-5-6-x,x-8-10-8-9-x,x-9-9-8-9-x
It could happen_slice,,
Fmin7,G#min7,C#7
x-8-10-8-9-x,x-9-9-8-9-x,x-8-9-6-9-x
It could happen_slice,,
G#min7,C#7,D#maj7
x-9-9-8-9-x,x-8-9-6-9-x,x-6-8-7-8-x
It could happen_slice,,
C#7,D#maj7,D#maj7
x-8-9-6-9-x,x-6-8-7-8-x,x-x-5-7-4-6
It could happen_slice,,
D#maj7,D#maj7,Dmin7f5
x-6-8-7-8-x,x-x-5-7-4-6,x-x-3-5-3-4
It could happen_slice,,
D#maj7,Dmin7f5,G7
x-x-5-7-4-6,x-x-3-5-3-4,x-x-5-7-6-7
It could happen_slice,,
Dmin7f5,G7,Cmin7
x-x-3-5-3-4,x-x-5-7-6-7,x-x-8-8-8-8
It could happen_slice,,
G7,Cmin7,Cmin7
x-x-5-7-6-7,x-x-8-8-8-8,x-x-5-5-4-6
It could happen_slice,,
Cmin7,Cmin7,F7
x-x-8-8-8-8,x-x-5-5-4-6,x-x-3-5-4-5
It could happen_slice,,
Cmin7,F7,F7
x-x-5-5-4-6,x-x-3-5-4-5,x-x-1-2-1-1
It could happen_slice,,
F7,F7,F#min7
x-x-3-5-4-5,x-x-1-2-1-1,x-x-2-2-2-2
It could happen_slice,,
F7,F#min7,B7
x-x-1-2-1-1,x-x-2-2-2-2,x-x-4-4-4-5
It could happen_slice,,
F#min7,B7,Fmin7
x-x-2-2-2-2,x-x-4-4-4-5,x-x-3-5-4-4
It could happen_slice,,
B7,Fmin7,A#7
x-x-4-4-4-5,x-x-3-5-4-4,x-x-6-7-6-6
It could happen_copy_slice,,
D#maj7,D#maj7,Gmin7f5
x-6-8-7-8-x,x-5-5-3-4-x,x-4-5-3-6-x
It could happen_copy_slice,,
D#maj7,Gmin7f5,C7
x-5-5-3-4-x,x-4-5-3-6-x,x-3-5-3-5-x
It could happen_copy_slice,,
Gmin7f5,C7,Fmin7
x-4-5-3-6-x,x-3-5-3-5-x,x-6-6-5-6-x
It could happen_copy_slice,,
C7,Fmin7,Fmin7
x-3-5-3-5-x,x-6-6-5-6-x,x-8-10-8-9-x
It could happen_copy_slice,,
Fmin7,Fmin7,Amin7f5
x-6-6-5-6-x,x-8-10-8-9-x,x-6-7-5-8-x
It could happen_copy_slice,,
Fmin7,Amin7f5,D7
x-8-10-8-9-x,x-6-7-5-8-x,x-5-7-5-7-x
It could happen_copy_slice,,
Amin7f5,D7,D#maj7
x-6-7-5-8-x,x-5-7-5-7-x,x-6-8-7-8-x
It could happen_copy_slice,,
D7,D#maj7,D#maj7
x-5-7-5-7-x,x-6-8-7-8-x,x-x-5-7-4-6
It could happen_copy_slice,,
D#maj7,D#maj7,G#maj7
x-6-8-7-8-x,x-x-5-7-4-6,x-x-6-8-8-8
It could happen_copy_slice,,
D#maj7,G#maj7,G#maj7
x-x-5-7-4-6,x-x-6-8-8-8,x-x-5-5-4-4
It could happen_copy_slice,,
G#maj7,G#maj7,Gmin7f5
x-x-6-8-8-8,x-x-5-5-4-4,x-x-3-3-2-3
It could happen_copy_slice,,
G#maj7,Gmin7f5,Gmin7f5
x-x-5-5-4-4,x-x-3-3-2-3,x-4-5-3-6-x
It could happen_copy_slice,,
Gmin7f5,Gmin7f5,C7
x-x-3-3-2-3,x-4-5-3-6-x,x-3-5-3-5-x
It could happen_copy_slice,,
Gmin7f5,C7,C7
x-4-5-3-6-x,x-3-5-3-5-x,x-x-2-3-1-3
It could happen_copy_slice,,
C7,C7,Fmin7
x-3-5-3-5-x,x-x-2-3-1-3,x-6-6-5-6-x
It could happen_copy_slice,,
C7,Fmin7,Fmin7
x-x-2-3-1-3,x-6-6-5-6-x,x-8-10-8-9-x
It could happen_copy_slice,,
Fmin7,Fmin7,G#min7
x-6-6-5-6-x,x-8-10-8-9-x,x-9-9-8-9-x
It could happen_copy_slice,,
Fmin7,G#min7,C#7
x-8-10-8-9-x,x-9-9-8-9-x,x-8-9-6-9-x
It could happen_copy_slice,,
G#min7,C#7,D#maj7
x-9-9-8-9-x,x-8-9-6-9-x,x-6-8-7-8-x
It could happen_copy_slice,,
C#7,D#maj7,D#maj7
x-8-9-6-9-x,x-6-8-7-8-x,x-x-5-7-4-6
It could happen_copy_slice,,
D#maj7,D#maj7,Dmin7f5
x-6-8-7-8-x,x-x-5-7-4-6,x-x-3-5-3-4
It could happen_copy_slice,,
D#maj7,Dmin7f5,G7
x-x-5-7-4-6,x-x-3-5-3-4,x-x-5-7-6-7
It could happen_copy_slice,,
Dmin7f5,G7,Cmin7
x-x-3-5-3-4,x-x-5-7-6-7,x-x-8-8-8-8
It could happen_copy_slice,,
G7,Cmin7,Cmin7
x-x-5-7-6-7,x-x-8-8-8-8,x-x-5-5-4-6
It could happen_copy_slice,,
Cmin7,Cmin7,F7
x-x-8-8-8-8,x-x-5-5-4-6,x-x-3-5-4-5
It could happen_copy_slice,,
Cmin7,F7,F7
x-x-5-5-4-6,x-x-3-5-4-5,x-x-1-2-1-1
It could happen_copy_slice,,
F7,F7,F#min7
x-x-3-5-4-5,x-x-1-2-1-1,x-x-2-2-2-2
It could happen_copy_slice,,
F7,F#min7,B7
x-x-1-2-1-1,x-x-2-2-2-2,x-x-4-4-4-5
It could happen_copy_slice,,
F#min7,B7,Fmin7
x-x-2-2-2-2,x-x-4-4-4-5,x-x-3-5-4-4
It could happen_copy_slice,,
B7,Fmin7,A#7
x-x-4-4-4-5,x-x-3-5-4-4,x-x-6-7-6-6
It could happen_copy_slice,,
Emaj7,Emaj7,G#min7f5
x-7-9-8-9-x,x-6-6-4-5-x,x-5-6-4-7-x
It could happen_copy_slice,,
Emaj7,G#min7f5,C#7
x-6-6-4-5-x,x-5-6-4-7-x,x-4-6-4-6-x
It could happen_copy_slice,,
G#min7f5,C#7,F#min7
x-5-6-4-7-x,x-4-6-4-6-x,x-7-7-6-7-x
It could happen_copy_slice,,
C#7,F#min7,F#min7
x-4-6-4-6-x,x-7-7-6-7-x,x-9-11-9-10-x
It could happen_copy_slice,,
F#min7,F#min7,A#min7f5
x-7-7-6-7-x,x-9-11-9-10-x,x-7-8-6-9-x
It could happen_copy_slice,,
F#min7,A#min7f5,D#7
x-9-11-9-10-x,x-7-8-6-9-x,x-6-8-6-8-x
It could happen_copy_slice,,
A#min7f5,D#7,Emaj7
x-7-8-6-9-x,x-6-8-6-8-x,x-7-9-8-9-x
It could happen_copy_slice,,
D#7,Emaj7,Emaj7
x-6-8-6-8-x,x-7-9-8-9-x,x-x-6-8-5-7
It could happen_copy_slice,,
Emaj7,Emaj7,Amaj7
x-7-9-8-9-x,x-x-6-8-5-7,x-x-7-9-9-9
It could happen_copy_slice,,
Emaj7,Amaj7,Amaj7
x-x-6-8-5-7,x-x-7-9-9-9,x-x-6-6-5-5
It could happen_copy_slice,,
Amaj7,Amaj7,G#min7f5
x-x-7-9-9-9,x-x-6-6-5-5,x-x-4-4-3-4
It could happen_copy_slice,,
Amaj7,G#min7f5,G#min7f5
x-x-6-6-5-5,x-x-4-4-3-4,x-5-6-4-7-x
It could happen_copy_slice,,
G#min7f5,G#min7f5,C#7
x-x-4-4-3-4,x-5-6-4-7-x,x-4-6-4-6-x
It could happen_copy_slice,,
G#min7f5,C#7,C#7
x-5-6-4-7-x,x-4-6-4-6-x,x-x-3-4-2-4
It could happen_copy_slice,,
C#7,C#7,F#min7
x-4-6-4-6-x,x-x-3-4-2-4,x-7-7-6-7-x
It could happen_copy_slice,,
C#7,F#min7,F#min7
x-x-3-4-2-4,x-7-7-6-7-x,x-9-11-9-10-x
It could happen_copy_slice,,
F#min7,F#min7,Amin7
x-7-7-6-7-x,x-9-11-9-10-x,x-10-10-9-10-x
It could happen_copy_slice,,
F#min7,Amin7,D7
x-9-11-9-10-x,x-10-10-9-10-x,x-9-10-7-10-x
It could happen_copy_slice,,
Amin7,D7,Emaj7
x-10-10-9-10-x,x-9-10-7-10-x,x-7-9-8-9-x
It could happen_copy_slice,,
D7,Emaj7,Emaj7
x-9-10-7-10-x,x-7-9-8-9-x,x-x-6-8-5-7
It could happen_copy_slice,,
Emaj7,Emaj7,D#min7f5
x-7-9-8-9-x,x-x-6-8-5-7,x-x-4-6-4-5
It could happen_copy_slice,,
Emaj7,D#min7f5,G#7
x-x-6-8-5-7,x-x-4-6-4-5,x-x-6-8-7-8
It could happen_copy_slice,,
D#min7f5,G#7,C#min7
x-x-4-6-4-5,x-x-6-8-7-8,x-x-9-9-9-9
It could happen_copy_slice,,
G#7,C#min7,C#min7
x-x-6-8-7-8,x-x-9-9-9-9,x-x-6-6-5-7
It could happen_copy_slice,,
C#min7,C#min7,F#7
x-x-9-9-9-9,x-x-6-6-5-7,x-x-4-6-5-6
It could happen_copy_slice,,
C#min7,F#7,F#7
x-x-6-6-5-7,x-x-4-6-5-6,x-x-2-3-2-2
It could happen_copy_slice,,
F#7,F#7,Gmin7
x-x-4-6-5-6,x-x-2-3-2-2,x-x-3-3-3-3
It could happen_copy_slice,,
F#7,Gmin7,C7
x-x-2-3-2-2,x-x-3-3-3-3,x-x-5-5-5-6
It could happen_copy_slice,,
Gmin7,C7,F#min7
x-x-3-3-3-3,x-x-5-5-5-6,x-x-4-6-5-5
It could happen_copy_slice,,
C7,F#min7,B7
x-x-5-5-5-6,x-x-4-6-5-5,x-x-7-8-7-7
It could happen_copy_slice,,
Fmaj7,Fmaj7,Amin7f5
x-8-10-9-10-x,x-7-7-5-6-x,x-6-7-5-8-x
It could happen_copy_slice,,
Fmaj7,Amin7f5,D7
x-7-7-5-6-x,x-6-7-5-8-x,x-5-7-5-7-x
It could happen_copy_slice,,
Amin7f5,D7,Gmin7
x-6-7-5-8-x,x-5-7-5-7-x,x-8-8-7-8-x
It could happen_copy_slice,,
D7,Gmin7,Gmin7
x-5-7-5-7-x,x-8-8-7-8-x,x-10-12-10-11-x
It could happen_copy_slice,,
Gmin7,Gmin7,Bmin7f5
x-8-8-7-8-x,x-10-12-10-11-x,x-8-9-7-10-x
It could happen_copy_slice,,
Gmin7,Bmin7f5,E7
x-10-12-10-11-x,x-8-9-7-10-x,x-7-9-7-9-x
It could happen_copy_slice,,
Bmin7f5,E7,Fmaj7
x-8-9-7-10-x,x-7-9-7-9-x,x-8-10-9-10-x
It could happen_copy_slice,,
E7,Fmaj7,Fmaj7
x-7-9-7-9-x,x-8-10-9-10-x,x-x-7-9-6-8
It could happen_copy_slice,,
Fmaj7,Fmaj7,A#maj7
x-8-10-9-10-x,x-x-7-9-6-8,x-x-8-10-10-10
It could happen_copy_slice,,
Fmaj7,A#maj7,A#maj7
x-x-7-9-6-8,x-x-8-10-10-10,x-x-7-7-6-6
It could happen_copy_slice,,
A#maj7,A#maj7,Amin7f5
x-x-8-10-10-10,x-x-7-7-6-6,x-x-5-5-4-5
It could happen_copy_slice,,
A#maj7,Amin7f5,Amin7f5
x-x-7-7-6-6,x-x-5-5-4-5,x-6-7-5-8-x
It could happen_copy_slice,,
Amin7f5,Amin7f5,D7
x-x-5-5-4-5,x-6-7-5-8-x,x-5-7-5-7-x
It could happen_copy_slice,,
Amin7f5,D7,D7
x-6-7-5-8-x,x-5-7-5-7-x,x-x-4-5-3-5
It could happen_copy_slice,,
D7,D7,Gmin7
x-5-7-5-7-x,x-x-4-5-3-5,x-8-8-7-8-x
It could happen_copy_slice,,
D7,Gmin7,Gmin7
x-x-4-5-3-5,x-8-8-7-8-x,x-10-12-10-11-x
It could happen_copy_slice,,
Gmin7,Gmin7,A#min7
x-8-8-7-8-x,x-10-12-10-11-x,x-11-11-10-11-x
It could happen_copy_slice,,
Gmin7,A#min7,D#7
x-10-12-10-11-x,x-11-11-10-11-x,x-10-11-8-11-x
It could happen_copy_slice,,
A#min7,D#7,Fmaj7
x-11-11-10-11-x,x-10-11-8-11-x,x-8-10-9-10-x
It could happen_copy_slice,,
D#7,Fmaj7,Fmaj7
x-10-11-8-11-x,x-8-10-9-10-x,x-x-7-9-6-8
It could happen_copy_slice,,
Fmaj7,Fmaj7,Emin7f5
x-8-10-9-10-x,x-x-7-9-6-8,x-x-5-7-5-6
It could happen_copy_slice,,
Fmaj7,Emin7f5,A7
x-x-7-9-6-8,x-x-5-7-5-6,x-x-7-9-8-9
It could happen_copy_slice,,
Emin7f5,A7,Dmin7
x-x-5-7-5-6,x-x-7-9-8-9,x-x-10-10-10-10
It could happen_copy_slice,,
A7,Dmin7,Dmin7
x-x-7-9-8-9,x-x-10-10-10-10,x-x-7-7-6-8
It could happen_copy_slice,,
Dmin7,Dmin7,G7
x-x-10-10-10-10,x-x-7-7-6-8,x-x-5-7-6-7
It could happen_copy_slice,,
Dmin7,G7,G7
x-x-7-7-6-8,x-x-5-7-6-7,x-x-3-4-3-3
It could happen_copy_slice,,
G7,G7,G#min7
x-x-5-7-6-7,x-x-3-4-3-3,x-x-4-4-4-4
It could happen_copy_slice,,
G7,G#min7,C#7
x-x-3-4-3-3,x-x-4-4-4-4,x-x-6-6-6-7
It could happen_copy_slice,,
G#min7,C#7,Gmin7
x-x-4-4-4-4,x-x-6-6-6-7,x-x-5-7-6-6
It could happen_copy_slice,,
C#7,Gmin7,C7
x-x-6-6-6-7,x-x-5-7-6-6,x-x-8-9-8-8
It could happen_copy_slice,,
F#maj7,F#maj7,A#min7f5
x-9-11-10-11-x,x-8-8-6-7-x,x-7-8-6-9-x
It could happen_copy_slice,,
F#maj7,A#min7f5,D#7
x-8-8-6-7-x,x-7-8-6-9-x,x-6-8-6-8-x
It could happen_copy_slice,,
A#min7f5,D#7,G#min7
x-7-8-6-9-x,x-6-8-6-8-x,x-9-9-8-9-x
It could happen_copy_slice,,
D#7,G#min7,G#min7
x-6-8-6-8-x,x-9-9-8-9-x,x-11-13-11-12-x
It could happen_copy_slice,,
G#min7,G#min7,Cmin7f5
x-9-9-8-9-x,x-11-13-11-12-x,x-9-10-8-11-x
It could happen_copy_slice,,
G#min7,Cmin7f5,F7
x-11-13-11-12-x,x-9-10-8-11-x,x-8-10-8-10-x
It could happen_copy_slice,,
Cmin7f5,F7,F#maj7
x-9-10-8-11-x,x-8-10-8-10-x,x-9-11-10-11-x
It could happen_copy_slice,,
F7,F#maj7,F#maj7
x-8-10-8-10-x,x-9-11-10-11-x,x-x-8-10-7-9
It could happen_copy_slice,,
F#maj7,F#maj7,Bmaj7
x-9-11-10-11-x,x-x-8-10-7-9,x-x-9-11-11-11
It could happen_copy_slice,,
F#maj7,Bmaj7,Bmaj7
x-x-8-10-7-9,x-x-9-11-11-11,x-x-8-8-7-7
It could happen_copy_slice,,
Bmaj7,Bmaj7,A#min7f5
x-x-9-11-11-11,x-x-8-8-7-7,x-x-6-6-5-6
It could happen_copy_slice,,
Bmaj7,A#min7f5,A#min7f5
x-x-8-8-7-7,x-x-6-6-5-6,x-7-8-6-9-x
It could happen_copy_slice,,
A#min7f5,A#min7f5,D#7
x-x-6-6-5-6,x-7-8-6-9-x,x-6-8-6-8-x
It could happen_copy_slice,,
A#min7f5,D#7,D#7
x-7-8-6-9-x,x-6-8-6-8-x,x-x-5-6-4-6
It could happen_copy_slice,,
D#7,D#7,G#min7
x-6-8-6-8-x,x-x-5-6-4-6,x-9-9-8-9-x
It could happen_copy_slice,,
D#7,G#min7,G#min7
x-x-5-6-4-6,x-9-9-8-9-x,x-11-13-11-12-x
It could happen_copy_slice,,
G#min7,G#min7,Bmin7
x-9-9-8-9-x,x-11-13-11-12-x,x-12-12-11-12-x
It could happen_copy_slice,,
G#min7,Bmin7,E7
x-11-13-11-12-x,x-12-12-11-12-x,x-11-12-9-12-x
It could happen_copy_slice,,
Bmin7,E7,F#maj7
x-12-12-11-12-x,x-11-12-9-12-x,x-9-11-10-11-x
It could happen_copy_slice,,
E7,F#maj7,F#maj7
x-11-12-9-12-x,x-9-11-10-11-x,x-x-8-10-7-9
It could happen_copy_slice,,
F#maj7,F#maj7,Fmin7f5
x-9-11-10-11-x,x-x-8-10-7-9,x-x-6-8-6-7
It could happen_copy_slice,,
F#maj7,Fmin7f5,A#7
x-x-8-10-7-9,x-x-6-8-6-7,x-x-8-10-9-10
It could happen_copy_slice,,
Fmin7f5,A#7,D#min7
x-x-6-8-6-7,x-x-8-10-9-10,x-x-11-11-11-11
It could happen_copy_slice,,
A#7,D#min7,D#min7
x-x-8-10-9-10,x-x-11-11-11-11,x-x-8-8-7-9
It could happen_copy_slice,,
D#min7,D#min7,G#7
x-x-11-11-11-11,x-x-8-8-7-9,x-x-6-8-7-8
It could happen_copy_slice,,
D#min7,G#7,G#7
x-x-8-8-7-9,x-x-6-8-7-8,x-x-4-5-4-4
It could happen_copy_slice,,
G#7,G#7,Amin7
x-x-6-8-7-8,x-x-4-5-4-4,x-x-5-5-5-5
It could happen_copy_slice,,
G#7,Amin7,D7
x-x-4-5-4-4,x-x-5-5-5-5,x-x-7-7-7-8
It could happen_copy_slice,,
Amin7,D7,G#min7
x-x-5-5-5-5,x-x-7-7-7-8,x-x-6-8-7-7
It could happen_copy_slice,,
D7,G#min7,C#7
x-x-7-7-7-8,x-x-6-8-7-7,x-x-9-10-9-9
It could happen_copy_slice,,
Gmaj7,Gmaj7,Bmin7f5
x-10-12-11-12-x,x-9-9-7-8-x,x-8-9-7-10-x
It could happen_copy_slice,,
Gmaj7,Bmin7f5,E7
x-9-9-7-8-x,x-8-9-7-10-x,x-7-9-7-9-x
It could happen_copy_slice,,
Bmin7f5,E7,Amin7
x-8-9-7-10-x,x-7-9-7-9-x,x-10-10-9-10-x
It could happen_copy_slice,,
E7,Amin7,Amin7
x-7-9-7-9-x,x-10-10-9-10-x,x-12-14-12-13-x
It could happen_copy_slice,,
Amin7,Amin7,C#min7f5
x-10-10-9-10-x,x-12-14-12-13-x,x-10-11-9-12-x
It could happen_copy_slice,,
Amin7,C#min7f5,F#7
x-12-14-12-13-x,x-10-11-9-12-x,x-9-11-9-11-x
It could happen_copy_slice,,
C#min7f5,F#7,Gmaj7
x-10-11-9-12-x,x-9-11-9-11-x,x-10-12-11-12-x
It could happen_copy_slice,,
F#7,Gmaj7,Gmaj7
x-9-11-9-11-x,x-10-12-11-12-x,x-x-9-11-8-10
It could happen_copy_slice,,
Gmaj7,Gmaj7,Cmaj7
x-10-12-11-12-x,x-x-9-11-8-10,x-x-10-12-12-12
It could happen_copy_slice,,
Gmaj7,Cmaj7,Cmaj7
x-x-9-11-8-10,x-x-10-12-12-12,x-x-9-9-8-8
It could happen_copy_slice,,
Cmaj7,Cmaj7,Bmin7f5
x-x-10-12-12-12,x-x-9-9-8-8,x-x-7-7-6-7
It could happen_copy_slice,,
Cmaj7,Bmin7f5,Bmin7f5
x-x-9-9-8-8,x-x-7-7-6-7,x-8-9-7-10-x
It could happen_copy_slice,,
Bmin7f5,Bmin7f5,E7
x-x-7-7-6-7,x-8-9-7-10-x,x-7-9-7-9-x
It could happen_copy_slice,,
Bmin7f5,E7,E7
x-8-9-7-10-x,x-7-9-7-9-x,x-x-6-7-5-7
It could happen_copy_slice,,
E7,E7,Amin7
x-7-9-7-9-x,x-x-6-7-5-7,x-10-10-9-10-x
It could happen_copy_slice,,
E7,Amin7,Amin7
x-x-6-7-5-7,x-10-10-9-10-x,x-12-14-12-13-x
It could happen_copy_slice,,
Amin7,Amin7,Cmin7
x-10-10-9-10-x,x-12-14-12-13-x,x-13-13-12-13-x
It could happen_copy_slice,,
Amin7,Cmin7,F7
x-12-14-12-13-x,x-13-13-12-13-x,x-12-13-10-13-x
It could happen_copy_slice,,
Cmin7,F7,Gmaj7
x-13-13-12-13-x,x-12-13-10-13-x,x-10-12-11-12-x
It could happen_copy_slice,,
F7,Gmaj7,Gmaj7
x-12-13-10-13-x,x-10-12-11-12-x,x-x-9-11-8-10
It could happen_copy_slice,,
Gmaj7,Gmaj7,F#min7f5
x-10-12-11-12-x,x-x-9-11-8-10,x-x-7-9-7-8
It could happen_copy_slice,,
Gmaj7,F#min7f5,B7
x-x-9-11-8-10,x-x-7-9-7-8,x-x-9-11-10-11
It could happen_copy_slice,,
F#min7f5,B7,Emin7
x-x-7-9-7-8,x-x-9-11-10-11,x-x-12-12-12-12
It could happen_copy_slice,,
B7,Emin7,Emin7
x-x-9-11-10-11,x-x-12-12-12-12,x-x-9-9-8-10
It could happen_copy_slice,,
Emin7,Emin7,A7
x-x-12-12-12-12,x-x-9-9-8-10,x-x-7-9-8-9
It could happen_copy_slice,,
Emin7,A7,A7
x-x-9-9-8-10,x-x-7-9-8-9,x-x-5-6-5-5
It could happen_copy_slice,,
A7,A7,A#min7
x-x-7-9-8-9,x-x-5-6-5-5,x-x-6-6-6-6
It could happen_copy_slice,,
A7,A#min7,D#7
x-x-5-6-5-5,x-x-6-6-6-6,x-x-8-8-8-9
It could happen_copy_slice,,
A#min7,D#7,Amin7
x-x-6-6-6-6,x-x-8-8-8-9,x-x-7-9-8-8
It could happen_copy_slice,,
D#7,Amin7,D7
x-x-8-8-8-9,x-x-7-9-8-8,x-x-10-11-10-10
It could happen_copy_slice,,
G#maj7,G#maj7,Cmin7f5
x-11-13-12-13-x,x-10-10-8-9-x,x-9-10-8-11-x
It could happen_copy_slice,,
G#maj7,Cmin7f5,F7
x-10-10-8-9-x,x-9-10-8-11-x,x-8-10-8-10-x
It could happen_copy_slice,,
Cmin7f5,F7,A#min7
x-9-10-8-11-x,x-8-10-8-10-x,x-11-11-10-11-x
It could happen_copy_slice,,
F7,A#min7,A#min7
x-8-10-8-10-x,x-11-11-10-11-x,x-13-15-13-14-x
It could happen_copy_slice,,
A#min7,A#min7,Dmin7f5
x-11-11-10-11-x,x-13-15-13-14-x,x-11-12-10-13-x
It could happen_copy_slice,,
A#min7,Dmin7f5,G7
x-13-15-13-14-x,x-11-12-10-13-x,x-10-12-10-12-x
It could happen_copy_slice,,
Dmin7f5,G7,G#maj7
x-11-12-10-13-x,x-10-12-10-12-x,x-11-13-12-13-x
It could happen_copy_slice,,
G7,G#maj7,G#maj7
x-10-12-10-12-x,x-11-13-12-13-x,x-x-10-12-9-11
It could happen_copy_slice,,
G#maj7,G#maj7,C#maj7
x-11-13-12-13-x,x-x-10-12-9-11,x-x-11-13-13-13
It could happen_copy_slice,,
G#maj7,C#maj7,C#maj7
x-x-10-12-9-11,x-x-11-13-13-13,x-x-10-10-9-9
It could happen_copy_slice,,
C#maj7,C#maj7,Cmin7f5
x-x-11-13-13-13,x-x-10-10-9-9,x-x-8-8-7-8
It could happen_copy_slice,,
C#maj7,Cmin7f5,Cmin7f5
x-x-10-10-9-9,x-x-8-8-7-8,x-9-10-8-11-x
It could happen_copy_slice,,
Cmin7f5,Cmin7f5,F7
x-x-8-8-7-8,x-9-10-8-11-x,x-8-10-8-10-x
It could happen_copy_slice,,
Cmin7f5,F7,F7
x-9-10-8-11-x,x-8-10-8-10-x,x-x-7-8-6-8
It could happen_copy_slice,,
F7,F7,A#min7
x-8-10-8-10-x,x-x-7-8-6-8,x-11-11-10-11-x
It could happen_copy_slice,,
F7,A#min7,A#min7
x-x-7-8-6-8,x-11-11-10-11-x,x-13-15-13-14-x
It could happen_copy_slice,,
A#min7,A#min7,C#min7
x-11-11-10-11-x,x-13-15-13-14-x,x-14-14-13-14-x
It could happen_copy_slice,,
A#min7,C#min7,F#7
x-13-15-13-14-x,x-14-14-13-14-x,x-13-14-11-14-x
It could happen_copy_slice,,
C#min7,F#7,G#maj7
x-14-14-13-14-x,x-13-14-11-14-x,x-11-13-12-13-x
It could happen_copy_slice,,
F#7,G#maj7,G#maj7
x-13-14-11-14-x,x-11-13-12-13-x,x-x-10-12-9-11
It could happen_copy_slice,,
G#maj7,G#maj7,Gmin7f5
x-11-13-12-13-x,x-x-10-12-9-11,x-x-8-10-8-9
It could happen_copy_slice,,
G#maj7,Gmin7f5,C7
x-x-10-12-9-11,x-x-8-10-8-9,x-x-10-12-11-12
It could happen_copy_slice,,
Gmin7f5,C7,Fmin7
x-x-8-10-8-9,x-x-10-12-11-12,x-x-13-13-13-13
It could happen_copy_slice,,
C7,Fmin7,Fmin7
x-x-10-12-11-12,x-x-13-13-13-13,x-x-10-10-9-11
It could happen_copy_slice,,
Fmin7,Fmin7,A#7
x-x-13-13-13-13,x-x-10-10-9-11,x-x-8-10-9-10
It could happen_copy_slice,,
Fmin7,A#7,A#7
x-x-10-10-9-11,x-x-8-10-9-10,x-x-6-7-6-6
It could happen_copy_slice,,
A#7,A#7,Bmin7
x-x-8-10-9-10,x-x-6-7-6-6,x-x-7-7-7-7
It could happen_copy_slice,,
A#7,Bmin7,E7
x-x-6-7-6-6,x-x-7-7-7-7,x-x-9-9-9-10
It could happen_copy_slice,,
Bmin7,E7,A#min7
x-x-7-7-7-7,x-x-9-9-9-10,x-x-8-10-9-9
It could happen_copy_slice,,
E7,A#min7,D#7
x-x-9-9-9-10,x-x-8-10-9-9,x-x-11-12-11-11
It could happen_copy_slice,,
Amaj7,Amaj7,C#min7f5
x-12-14-13-14-x,x-11-11-9-10-x,x-10-11-9-12-x
It could happen_copy_slice,,
Amaj7,C#min7f5,F#7
x-11-11-9-10-x,x-10-11-9-12-x,x-9-11-9-11-x
It could happen_copy_slice,,
C#min7f5,F#7,Bmin7
x-10-11-9-12-x,x-9-11-9-11-x,x-12-12-11-12-x
It could happen_copy_slice,,
F#7,Bmin7,Bmin7
x-9-11-9-11-x,x-12-12-11-12-x,x-14-16-14-15-x
It could happen_copy_slice,,
Bmin7,Bmin7,D#min7f5
x-12-12-11-12-x,x-14-16-14-15-x,x-12-13-11-14-x
It could happen_copy_slice,,
Bmin7,D#min7f5,G#7
x-14-16-14-15-x,x-12-13-11-14-x,x-11-13-11-13-x
It could happen_copy_slice,,
D#min7f5,G#7,Amaj7
x-12-13-11-14-x,x-11-13-11-13-x,x-12-14-13-14-x
It could happen_copy_slice,,
G#7,Amaj7,Amaj7
x-11-13-11-13-x,x-12-14-13-14-x,x-x-11-13-10-12
It could happen_copy_slice,,
Amaj7,Amaj7,Dmaj7
x-12-14-13-14-x,x-x-11-13-10-12,x-x-12-14-14-14
It could happen_copy_slice,,
Amaj7,Dmaj7,Dmaj7
x-x-11-13-10-12,x-x-12-14-14-14,x-x-11-11-10-10
It could happen_copy_slice,,
Dmaj7,Dmaj7,C#min7f5
x-x-12-14-14-14,x-x-11-11-10-10,x-x-9-9-8-9
It could happen_copy_slice,,
Dmaj7,C#min7f5,C#min7f5
x-x-11-11-10-10,x-x-9-9-8-9,x-10-11-9-12-x
It could happen_copy_slice,,
C#min7f5,C#min7f5,F#7
x-x-9-9-8-9,x-10-11-9-12-x,x-9-11-9-11-x
It could happen_copy_slice,,
C#min7f5,F#7,F#7
x-10-11-9-12-x,x-9-11-9-11-x,x-x-8-9-7-9
It could happen_copy_slice,,
F#7,F#7,Bmin7
x-9-11-9-11-x,x-x-8-9-7-9,x-12-12-11-12-x
It could happen_copy_slice,,
F#7,Bmin7,Bmin7
x-x-8-9-7-9,x-12-12-11-12-x,x-14-16-14-15-x
It could happen_copy_slice,,
Bmin7,Bmin7,Dmin7
x-12-12-11-12-x,x-14-16-14-15-x,x-15-15-14-15-x
It could happen_copy_slice,,
Bmin7,Dmin7,G7
x-14-16-14-15-x,x-15-15-14-15-x,x-14-15-12-15-x
It could happen_copy_slice,,
Dmin7,G7,Amaj7
x-15-15-14-15-x,x-14-15-12-15-x,x-12-14-13-14-x
It could happen_copy_slice,,
G7,Amaj7,Amaj7
x-14-15-12-15-x,x-12-14-13-14-x,x-x-11-13-10-12
It could happen_copy_slice,,
Amaj7,Amaj7,G#min7f5
x-12-14-13-14-x,x-x-11-13-10-12,x-x-9-11-9-10
It could happen_copy_slice,,
Amaj7,G#min7f5,C#7
x-x-11-13-10-12,x-x-9-11-9-10,x-x-11-13-12-13
It could happen_copy_slice,,
G#min7f5,C#7,F#min7
x-x-9-11-9-10,x-x-11-13-12-13,x-x-14-14-14-14
It could happen_copy_slice,,
C#7,F#min7,F#min7
x-x-11-13-12-13,x-x-14-14-14-14,x-x-11-11-10-12
It could happen_copy_slice,,
F#min7,F#min7,B7
x-x-14-14-14-14,x-x-11-11-10-12,x-x-9-11-10-11
It could happen_copy_slice,,
F#min7,B7,B7
x-x-11-11-10-12,x-x-9-11-10-11,x-x-7-8-7-7
It could happen_copy_slice,,
B7,B7,Cmin7
x-x-9-11-10-11,x-x-7-8-7-7,x-x-8-8-8-8
It could happen_copy_slice,,
B7,Cmin7,F7
x-x-7-8-7-7,x-x-8-8-8-8,x-x-10-10-10-11
It could happen_copy_slice,,
Cmin7,F7,Bmin7
x-x-8-8-8-8,x-x-10-10-10-11,x-x-9-11-10-10
It could happen_copy_slice,,
F7,Bmin7,E7
x-x-10-10-10-11,x-x-9-11-10-10,x-x-12-13-12-12
It could happen_copy_slice,,
A#maj7,A#maj7,Dmin7f5
x-13-15-14-15-x,x-12-12-10-11-x,x-11-12-10-13-x
It could happen_copy_slice,,
A#maj7,Dmin7f5,G7
x-12-12-10-11-x,x-11-12-10-13-x,x-10-12-10-12-x
It could happen_copy_slice,,
Dmin7f5,G7,Cmin7
x-11-12-10-13-x,x-10-12-10-12-x,x-13-13-12-13-x
It could happen_copy_slice,,
G7,Cmin7,Cmin7
x-10-12-10-12-x,x-13-13-12-13-x,x-15-17-15-16-x
It could happen_copy_slice,,
Cmin7,Cmin7,Emin7f5
x-13-13-12-13-x,x-15-17-15-16-x,x-13-14-12-15-x
It could happen_copy_slice,,
Cmin7,Emin7f5,A7
x-15-17-15-16-x,x-13-14-12-15-x,x-12-14-12-14-x
It could happen_copy_slice,,
Emin7f5,A7,A#maj7
x-13-14-12-15-x,x-12-14-12-14-x,x-13-15-14-15-x
It could happen_copy_slice,,
A7,A#maj7,A#maj7
x-12-14-12-14-x,x-13-15-14-15-x,x-x-12-14-11-13
It could happen_copy_slice,,
A#maj7,A#maj7,D#maj7
x-13-15-14-15-x,x-x-12-14-11-13,x-x-13-15-15-15
It could happen_copy_slice,,
A#maj7,D#maj7,D#maj7
x-x-12-14-11-13,x-x-13-15-15-15,x-x-12-12-11-11
It could happen_copy_slice,,
D#maj7,D#maj7,Dmin7f5
x-x-13-15-15-15,x-x-12-12-11-11,x-x-10-10-9-10
It could happen_copy_slice,,
D#maj7,Dmin7f5,Dmin7f5
x-x-12-12-11-11,x-x-10-10-9-10,x-11-12-10-13-x
It could happen_copy_slice,,
Dmin7f5,Dmin7f5,G7
x-x-10-10-9-10,x-11-12-10-13-x,x-10-12-10-12-x
It could happen_copy_slice,,
Dmin7f5,G7,G7
x-11-12-10-13-x,x-10-12-10-12-x,x-x-9-10-8-10
It could happen_copy_slice,,
G7,G7,Cmin7
x-10-12-10-12-x,x-x-9-10-8-10,x-13-13-12-13-x
It could happen_copy_slice,,
G7,Cmin7,Cmin7
x-x-9-10-8-10,x-13-13-12-13-x,x-15-17-15-16-x
It could happen_copy_slice,,
Cmin7,Cmin7,D#min7
x-13-13-12-13-x,x-15-17-15-16-x,x-16-16-15-16-x
It could happen_copy_slice,,
Cmin7,D#min7,G#7
x-15-17-15-16-x,x-16-16-15-16-x,x-15-16-13-16-x
It could happen_copy_slice,,
D#min7,G#7,A#maj7
x-16-16-15-16-x,x-15-16-13-16-x,x-13-15-14-15-x
It could happen_copy_slice,,
G#7,A#maj7,A#maj7
x-15-16-13-16-x,x-13-15-14-15-x,x-x-12-14-11-13
It could happen_copy_slice,,
A#maj7,A#maj7,Amin7f5
x-13-15-14-15-x,x-x-12-14-11-13,x-x-10-12-10-11
It could happen_copy_slice,,
A#maj7,Amin7f5,D7
x-x-12-14-11-13,x-x-10-12-10-11,x-x-12-14-13-14
It could happen_copy_slice,,
Amin7f5,D7,Gmin7
x-x-10-12-10-11,x-x-12-14-13-14,x-x-15-15-15-15
It could happen_copy_slice,,
D7,Gmin7,Gmin7
x-x-12-14-13-14,x-x-15-15-15-15,x-x-12-12-11-13
It could happen_copy_slice,,
Gmin7,Gmin7,C7
x-x-15-15-15-15,x-x-12-12-11-13,x-x-10-12-11-12
It could happen_copy_slice,,
Gmin7,C7,C7
x-x-12-12-11-13,x-x-10-12-11-12,x-x-8-9-8-8
It could happen_copy_slice,,
C7,C7,C#min7
x-x-10-12-11-12,x-x-8-9-8-8,x-x-9-9-9-9
It could happen_copy_slice,,
C7,C#min7,F#7
x-x-8-9-8-8,x-x-9-9-9-9,x-x-11-11-11-12
It could happen_copy_slice,,
C#min7,F#7,Cmin7
x-x-9-9-9-9,x-x-11-11-11-12,x-x-10-12-11-11
It could happen_copy_slice,,
F#7,Cmin7,F7
x-x-11-11-11-12,x-x-10-12-11-11,x-x-13-14-13-13
It could happen_copy_slice,,
Bmaj7,Bmaj7,D#min7f5
x-14-16-15-16-x,x-13-13-11-12-x,x-12-13-11-14-x
It could happen_copy_slice,,
Bmaj7,D#min7f5,G#7
x-13-13-11-12-x,x-12-13-11-14-x,x-11-13-11-13-x
It could happen_copy_slice,,
D#min7f5,G#7,C#min7
x-12-13-11-14-x,x-11-13-11-13-x,x-14-14-13-14-x
It could happen_copy_slice,,
G#7,C#min7,C#min7
x-11-13-11-13-x,x-14-14-13-14-x,x-16-18-16-17-x
It could happen_copy_slice,,
C#min7,C#min7,Fmin7f5
x-14-14-13-14-x,x-16-18-16-17-x,x-14-15-13-16-x
It could happen_copy_slice,,
C#min7,Fmin7f5,A#7
x-16-18-16-17-x,x-14-15-13-16-x,x-13-15-13-15-x
It could happen_copy_slice,,
Fmin7f5,A#7,Bmaj7
x-14-15-13-16-x,x-13-15-13-15-x,x-14-16-15-16-x
It could happen_copy_slice,,
A#7,Bmaj7,Bmaj7
x-13-15-13-15-x,x-14-16-15-16-x,x-x-13-15-12-14
It could happen_copy_slice,,
Bmaj7,Bmaj7,Emaj7
x-14-16-15-16-x,x-x-13-15-12-14,x-x-14-16-16-16
It could happen_copy_slice,,
Bmaj7,Emaj7,Emaj7
x-x-13-15-12-14,x-x-14-16-16-16,x-x-13-13-12-12
It could happen_copy_slice,,
Emaj7,Emaj7,D#min7f5
x-x-14-16-16-16,x-x-13-13-12-12,x-x-11-11-10-11
It could happen_copy_slice,,
Emaj7,D#min7f5,D#min7f5
x-x-13-13-12-12,x-x-11-11-10-11,x-12-13-11-14-x
It could happen_copy_slice,,
D#min7f5,D#min7f5,G#7
x-x-11-11-10-11,x-12-13-11-14-x,x-11-13-11-13-x
It could happen_copy_slice,,
D#min7f5,G#7,G#7
x-12-13-11-14-x,x-11-13-11-13-x,x-x-10-11-9-11
It could happen_copy_slice,,
G#7,G#7,C#min7
x-11-13-11-13-x,x-x-10-11-9-11,x-14-14-13-14-x
It could happen_copy_slice,,
G#7,C#min7,C#min7
x-x-10-11-9-11,x-14-14-13-14-x,x-16-18-16-17-x
It could happen_copy_slice,,
C#min7,C#min7,Emin7
x-14-14-13-14-x,x-16-18-16-17-x,x-17-17-16-17-x
It could happen_copy_slice,,
C#min7,Emin7,A7
x-16-18-16-17-x,x-17-17-16-17-x,x-16-17-14-17-x
It could happen_copy_slice,,
Emin7,A7,Bmaj7
x-17-17-16-17-x,x-16-17-14-17-x,x-14-16-15-16-x
It could happen_copy_slice,,
A7,Bmaj7,Bmaj7
x-16-17-14-17-x,x-14-16-15-16-x,x-x-13-15-12-14
It could happen_copy_slice,,
Bmaj7,Bmaj7,A#min7f5
x-14-16-15-16-x,x-x-13-15-12-14,x-x-11-13-11-12
It could happen_copy_slice,,
Bmaj7,A#min7f5,D#7
x-x-13-15-12-14,x-x-11-13-11-12,x-x-13-15-14-15
It could happen_copy_slice,,
A#min7f5,D#7,G#min7
x-x-11-13-11-12,x-x-13-15-14-15,x-x-16-16-16-16
It could happen_copy_slice,,
D#7,G#min7,G#min7
x-x-13-15-14-15,x-x-16-16-16-16,x-x-13-13-12-14
It could happen_copy_slice,,
G#min7,G#min7,C#7
x-x-16-16-16-16,x-x-13-13-12-14,x-x-11-13-12-13
It could happen_copy_slice,,
G#min7,C#7,C#7
x-x-13-13-12-14,x-x-11-13-12-13,x-x-9-10-9-9
It could happen_copy_slice,,
C#7,C#7,Dmin7
x-x-11-13-12-13,x-x-9-10-9-9,x-x-10-10-10-10
It could happen_copy_slice,,
C#7,Dmin7,G7
x-x-9-10-9-9,x-x-10-10-10-10,x-x-12-12-12-13
It could happen_copy_slice,,
Dmin7,G7,C#min7
x-x-10-10-10-10,x-x-12-12-12-13,x-x-11-13-12-12
It could happen_copy_slice,,
G7,C#min7,F#7
x-x-12-12-12-13,x-x-11-13-12-12,x-x-14-15-14-14
It could happen 2_slice,,
D#maj7,D#maj7,Gmin7f5
x-x-8-8-8-10,x-x-5-7-4-6,x-x-8-10-8-9
It could happen 2_slice,,
D#maj7,Gmin7f5,C7
x-x-5-7-4-6,x-x-8-10-8-9,x-x-8-9-8-8
It could happen 2_slice,,
Gmin7f5,C7,Fmin7
x-x-8-10-8-9,x-x-8-9-8-8,x-x-10-10-9-11
It could happen 2_slice,,
C7,Fmin7,Fmin7
x-x-8-9-8-8,x-x-10-10-9-11,x-x-6-8-6-8
It could happen 2_slice,,
Fmin7,Fmin7,Amin7f5
x-x-10-10-9-11,x-x-6-8-6-8,x-x-10-12-10-11
It could happen 2_slice,,
Fmin7,Amin7f5,D7
x-x-6-8-6-8,x-x-10-12-10-11,x-x-10-11-10-10
It could happen 2_slice,,
Amin7f5,D7,D#maj7
x-x-10-12-10-11,x-x-10-11-10-10,x-x-8-8-8-10
It could happen 2_slice,,
D7,D#maj7,D#maj7
x-x-10-11-10-10,x-x-8-8-8-10,x-x-5-7-4-6
It could happen 2_slice,,
D#maj7,D#maj7,G#maj7
x-x-8-8-8-10,x-x-5-7-4-6,x-x-6-8-8-8
It could happen 2_slice,,
D#maj7,G#maj7,G#maj7
x-x-5-7-4-6,x-x-6-8-8-8,x-x-5-5-4-4
It could happen 2_slice,,
G#maj7,G#maj7,Gmin7f5
x-x-6-8-8-8,x-x-5-5-4-4,x-x-3-3-2-3
It could happen 2_slice,,
G#maj7,Gmin7f5,Gmin7f5
x-x-5-5-4-4,x-x-3-3-2-3,x-x-5-6-6-6
It could happen 2_slice,,
Gmin7f5,Gmin7f5,C7
x-x-3-3-2-3,x-x-5-6-6-6,x-x-5-5-5-6
It could happen 2_slice,,
Gmin7f5,C7,C7
x-x-5-6-6-6,x-x-5-5-5-6,x-x-8-9-8-8
It could happen 2_slice,,
C7,C7,Fmin7
x-x-5-5-5-6,x-x-8-9-8-8,x-x-6-8-6-8
It could happen 2_slice,,
C7,Fmin7,Fmin7
x-x-8-9-8-8,x-x-6-8-6-8,x-x-3-5-4-4
It could happen 2_slice,,
Fmin7,Fmin7,G#min7
x-x-6-8-6-8,x-x-3-5-4-4,x-x-6-8-7-7
It could happen 2_slice,,
Fmin7,G#min7,C#7
x-x-3-5-4-4,x-x-6-8-7-7,x-8-9-6-9-x
It could happen 2_slice,,
G#min7,C#7,D#maj7
x-x-6-8-7-7,x-8-9-6-9-x,x-x-5-7-4-6
It could happen 2_slice,,
C#7,D#maj7,G#maj7
x-8-9-6-9-x,x-x-5-7-4-6,x-x-6-8-8-8
It could happen 2_slice,,
D#maj7,G#maj7,Gmin7f5
x-x-5-7-4-6,x-x-6-8-8-8,x-x-5-6-6-6
It could happen 2_slice,,
G#maj7,Gmin7f5,C7
x-x-6-8-8-8,x-x-5-6-6-6,x-x-8-9-8-8
It could happen 2_slice,,
Gmin7f5,C7,Fmin7
x-x-5-6-6-6,x-x-8-9-8-8,x-x-6-8-6-8
It could happen 2_slice,,
C7,Fmin7,Fmin7
x-x-8-9-8-8,x-x-6-8-6-8,x-x-10-10-9-11
It could happen 2_slice,,
Fmin7,Fmin7,A#7
x-x-6-8-6-8,x-x-10-10-9-11,x-x-8-10-9-10
It could happen 2_slice,,
Fmin7,A#7,A#7
x-x-10-10-9-11,x-x-8-10-9-10,x-x-12-13-11-13
It could happen 2_slice,,
A#7,A#7,D#maj7
x-x-8-10-9-10,x-x-12-13-11-13,x-x-12-12-11-11
It could happen 2_slice,,
A#7,D#maj7,D#maj7
x-x-12-13-11-13,x-x-12-12-11-11,x-10-12-8-11-x
It could happen 2_slice,,
D#maj7,D#maj7,Fmin7
x-x-12-12-11-11,x-10-12-8-11-x,x-8-10-8-9-x
It could happen 2_slice,,
D#maj7,Fmin7,A#7
x-10-12-8-11-x,x-8-10-8-9-x,x-8-8-7-9-x
It could happen 2_copy_slice,,
Dmaj7,Dmaj7,F#min7f5
x-x-7-7-7-9,x-x-4-6-3-5,x-x-7-9-7-8
It could happen 2_copy_slice,,
Dmaj7,F#min7f5,B7
x-x-4-6-3-5,x-x-7-9-7-8,x-x-7-8-7-7
It could happen 2_copy_slice,,
F#min7f5,B7,Emin7
x-x-7-9-7-8,x-x-7-8-7-7,x-x-9-9-8-10
It could happen 2_copy_slice,,
B7,Emin7,Emin7
x-x-7-8-7-7,x-x-9-9-8-10,x-x-5-7-5-7
It could happen 2_copy_slice,,
Emin7,Emin7,G#min7f5
x-x-9-9-8-10,x-x-5-7-5-7,x-x-9-11-9-10
It could happen 2_copy_slice,,
Emin7,G#min7f5,C#7
x-x-5-7-5-7,x-x-9-11-9-10,x-x-9-10-9-9
It could happen 2_copy_slice,,
G#min7f5,C#7,Dmaj7
x-x-9-11-9-10,x-x-9-10-9-9,x-x-7-7-7-9
It could happen 2_copy_slice,,
C#7,Dmaj7,Dmaj7
x-x-9-10-9-9,x-x-7-7-7-9,x-x-4-6-3-5
It could happen 2_copy_slice,,
Dmaj7,Dmaj7,Gmaj7
x-x-7-7-7-9,x-x-4-6-3-5,x-x-5-7-7-7
It could happen 2_copy_slice,,
Dmaj7,Gmaj7,Gmaj7
x-x-4-6-3-5,x-x-5-7-7-7,x-x-4-4-3-3
It could happen 2_copy_slice,,
Gmaj7,Gmaj7,F#min7f5
x-x-5-7-7-7,x-x-4-4-3-3,x-x-2-2-1-2
It could happen 2_copy_slice,,
Gmaj7,F#min7f5,F#min7f5
x-x-4-4-3-3,x-x-2-2-1-2,x-x-4-5-5-5
It could happen 2_copy_slice,,
F#min7f5,F#min7f5,B7
x-x-2-2-1-2,x-x-4-5-5-5,x-x-4-4-4-5
It could happen 2_copy_slice,,
F#min7f5,B7,B7
x-x-4-5-5-5,x-x-4-4-4-5,x-x-7-8-7-7
It could happen 2_copy_slice,,
B7,B7,Emin7
x-x-4-4-4-5,x-x-7-8-7-7,x-x-5-7-5-7
It could happen 2_copy_slice,,
B7,Emin7,Emin7
x-x-7-8-7-7,x-x-5-7-5-7,x-x-2-4-3-3
It could happen 2_copy_slice,,
Emin7,Emin7,Gmin7
x-x-5-7-5-7,x-x-2-4-3-3,x-x-5-7-6-6
It could happen 2_copy_slice,,
Emin7,Gmin7,C7
x-x-2-4-3-3,x-x-5-7-6-6,x-7-8-5-8-x
It could happen 2_copy_slice,,
Gmin7,C7,Dmaj7
x-x-5-7-6-6,x-7-8-5-8-x,x-x-4-6-3-5
It could happen 2_copy_slice,,
C7,Dmaj7,Gmaj7
x-7-8-5-8-x,x-x-4-6-3-5,x-x-5-7-7-7
It could happen 2_copy_slice,,
Dmaj7,Gmaj7,F#min7f5
x-x-4-6-3-5,x-x-5-7-7-7,x-x-4-5-5-5
It could happen 2_copy_slice,,
Gmaj7,F#min7f5,B7
x-x-5-7-7-7,x-x-4-5-5-5,x-x-7-8-7-7
It could happen 2_copy_slice,,
F#min7f5,B7,Emin7
x-x-4-5-5-5,x-x-7-8-7-7,x-x-5-7-5-7
It could happen 2_copy_slice,,
B7,Emin7,Emin7
x-x-7-8-7-7,x-x-5-7-5-7,x-x-9-9-8-10
It could happen 2_copy_slice,,
Emin7,Emin7,A7
x-x-5-7-5-7,x-x-9-9-8-10,x-x-7-9-8-9
It could happen 2_copy_slice,,
Emin7,A7,A7
x-x-9-9-8-10,x-x-7-9-8-9,x-x-11-12-10-12
It could happen 2_copy_slice,,
A7,A7,Dmaj7
x-x-7-9-8-9,x-x-11-12-10-12,x-x-11-11-10-10
It could happen 2_copy_slice,,
A7,Dmaj7,Dmaj7
x-x-11-12-10-12,x-x-11-11-10-10,x-9-11-7-10-x
It could happen 2_copy_slice,,
Dmaj7,Dmaj7,Emin7
x-x-11-11-10-10,x-9-11-7-10-x,x-7-9-7-8-x
It could happen 2_copy_slice,,
Dmaj7,Emin7,A7
x-9-11-7-10-x,x-7-9-7-8-x,x-7-7-6-8-x
It could happen 2_copy_slice,,
D#maj7,D#maj7,Gmin7f5
x-x-8-8-8-10,x-x-5-7-4-6,x-x-8-10-8-9
It could happen 2_copy_slice,,
D#maj7,Gmin7f5,C7
x-x-5-7-4-6,x-x-8-10-8-9,x-x-8-9-8-8
It could happen 2_copy_slice,,
Gmin7f5,C7,Fmin7
x-x-8-10-8-9,x-x-8-9-8-8,x-x-10-10-9-11
It could happen 2_copy_slice,,
C7,Fmin7,Fmin7
x-x-8-9-8-8,x-x-10-10-9-11,x-x-6-8-6-8
It could happen 2_copy_slice,,
Fmin7,Fmin7,Amin7f5
x-x-10-10-9-11,x-x-6-8-6-8,x-x-10-12-10-11
It could happen 2_copy_slice,,
Fmin7,Amin7f5,D7
x-x-6-8-6-8,x-x-10-12-10-11,x-x-10-11-10-10
It could happen 2_copy_slice,,
Amin7f5,D7,D#maj7
x-x-10-12-10-11,x-x-10-11-10-10,x-x-8-8-8-10
It could happen 2_copy_slice,,
D7,D#maj7,D#maj7
x-x-10-11-10-10,x-x-8-8-8-10,x-x-5-7-4-6
It could happen 2_copy_slice,,
D#maj7,D#maj7,G#maj7
x-x-8-8-8-10,x-x-5-7-4-6,x-x-6-8-8-8
It could happen 2_copy_slice,,
D#maj7,G#maj7,G#maj7
x-x-5-7-4-6,x-x-6-8-8-8,x-x-5-5-4-4
It could happen 2_copy_slice,,
G#maj7,G#maj7,Gmin7f5
x-x-6-8-8-8,x-x-5-5-4-4,x-x-3-3-2-3
It could happen 2_copy_slice,,
G#maj7,Gmin7f5,Gmin7f5
x-x-5-5-4-4,x-x-3-3-2-3,x-x-5-6-6-6
It could happen 2_copy_slice,,
Gmin7f5,Gmin7f5,C7
x-x-3-3-2-3,x-x-5-6-6-6,x-x-5-5-5-6
It could happen 2_copy_slice,,
Gmin7f5,C7,C7
x-x-5-6-6-6,x-x-5-5-5-6,x-x-8-9-8-8
It could happen 2_copy_slice,,
C7,C7,Fmin7
x-x-5-5-5-6,x-x-8-9-8-8,x-x-6-8-6-8
It could happen 2_copy_slice,,
C7,Fmin7,Fmin7
x-x-8-9-8-8,x-x-6-8-6-8,x-x-3-5-4-4
It could happen 2_copy_slice,,
Fmin7,Fmin7,G#min7
x-x-6-8-6-8,x-x-3-5-4-4,x-x-6-8-7-7
It could happen 2_copy_slice,,
Fmin7,G#min7,C#7
x-x-3-5-4-4,x-x-6-8-7-7,x-8-9-6-9-x
It could happen 2_copy_slice,,
G#min7,C#7,D#maj7
x-x-6-8-7-7,x-8-9-6-9-x,x-x-5-7-4-6
It could happen 2_copy_slice,,
C#7,D#maj7,G#maj7
x-8-9-6-9-x,x-x-5-7-4-6,x-x-6-8-8-8
It could happen 2_copy_slice,,
D#maj7,G#maj7,Gmin7f5
x-x-5-7-4-6,x-x-6-8-8-8,x-x-5-6-6-6
It could happen 2_copy_slice,,
G#maj7,Gmin7f5,C7
x-x-6-8-8-8,x-x-5-6-6-6,x-x-8-9-8-8
It could happen 2_copy_slice,,
Gmin7f5,C7,Fmin7
x-x-5-6-6-6,x-x-8-9-8-8,x-x-6-8-6-8
It could happen 2_copy_slice,,
C7,Fmin7,Fmin7
x-x-8-9-8-8,x-x-6-8-6-8,x-x-10-10-9-11
It could happen 2_copy_slice,,
Fmin7,Fmin7,A#7
x-x-6-8-6-8,x-x-10-10-9-11,x-x-8-10-9-10
It could happen 2_copy_slice,,
Fmin7,A#7,A#7
x-x-10-10-9-11,x-x-8-10-9-10,x-x-12-13-11-13
It could happen 2_copy_slice,,
A#7,A#7,D#maj7
x-x-8-10-9-10,x-x-12-13-11-13,x-x-12-12-11-11
It could happen 2_copy_slice,,
A#7,D#maj7,D#maj7
x-x-12-13-11-13,x-x-12-12-11-11,x-10-12-8-11-x
It could happen 2_copy_slice,,
D#maj7,D#maj7,Fmin7
x-x-12-12-11-11,x-10-12-8-11-x,x-8-10-8-9-x
It could happen 2_copy_slice,,
D#maj7,Fmin7,A#7
x-10-12-8-11-x,x-8-10-8-9-x,x-8-8-7-9-x
It could happen 2_copy_slice,,
Emaj7,Emaj7,G#min7f5
x-x-9-9-9-11,x-x-6-8-5-7,x-x-9-11-9-10
It could happen 2_copy_slice,,
Emaj7,G#min7f5,C#7
x-x-6-8-5-7,x-x-9-11-9-10,x-x-9-10-9-9
It could happen 2_copy_slice,,
G#min7f5,C#7,F#min7
x-x-9-11-9-10,x-x-9-10-9-9,x-x-11-11-10-12
It could happen 2_copy_slice,,
C#7,F#min7,F#min7
x-x-9-10-9-9,x-x-11-11-10-12,x-x-7-9-7-9
It could happen 2_copy_slice,,
F#min7,F#min7,A#min7f5
x-x-11-11-10-12,x-x-7-9-7-9,x-x-11-13-11-12
It could happen 2_copy_slice,,
F#min7,A#min7f5,D#7
x-x-7-9-7-9,x-x-11-13-11-12,x-x-11-12-11-11
It could happen 2_copy_slice,,
A#min7f5,D#7,Emaj7
x-x-11-13-11-12,x-x-11-12-11-11,x-x-9-9-9-11
It could happen 2_copy_slice,,
D#7,Emaj7,Emaj7
x-x-11-12-11-11,x-x-9-9-9-11,x-x-6-8-5-7
It could happen 2_copy_slice,,
Emaj7,Emaj7,Amaj7
x-x-9-9-9-11,x-x-6-8-5-7,x-x-7-9-9-9
It could happen 2_copy_slice,,
Emaj7,Amaj7,Amaj7
x-x-6-8-5-7,x-x-7-9-9-9,x-x-6-6-5-5
It could happen 2_copy_slice,,
Amaj7,Amaj7,G#min7f5
x-x-7-9-9-9,x-x-6-6-5-5,x-x-4-4-3-4
It could happen 2_copy_slice,,
Amaj7,G#min7f5,G#min7f5
x-x-6-6-5-5,x-x-4-4-3-4,x-x-6-7-7-7
It could happen 2_copy_slice,,
G#min7f5,G#min7f5,C#7
x-x-4-4-3-4,x-x-6-7-7-7,x-x-6-6-6-7
It could happen 2_copy_slice,,
G#min7f5,C#7,C#7
x-x-6-7-7-7,x-x-6-6-6-7,x-x-9-10-9-9
It could happen 2_copy_slice,,
C#7,C#7,F#min7
x-x-6-6-6-7,x-x-9-10-9-9,x-x-7-9-7-9
It could happen 2_copy_slice,,
C#7,F#min7,F#min7
x-x-9-10-9-9,x-x-7-9-7-9,x-x-4-6-5-5
It could happen 2_copy_slice,,
F#min7,F#min7,Amin7
x-x-7-9-7-9,x-x-4-6-5-5,x-x-7-9-8-8
It could happen 2_copy_slice,,
F#min7,Amin7,D7
x-x-4-6-5-5,x-x-7-9-8-8,x-9-10-7-10-x
It could happen 2_copy_slice,,
Amin7,D7,Emaj7
x-x-7-9-8-8,x-9-10-7-10-x,x-x-6-8-5-7
It could happen 2_copy_slice,,
D7,Emaj7,Amaj7
x-9-10-7-10-x,x-x-6-8-5-7,x-x-7-9-9-9
It could happen 2_copy_slice,,
Emaj7,Amaj7,G#min7f5
x-x-6-8-5-7,x-x-7-9-9-9,x-x-6-7-7-7
It could happen 2_copy_slice,,
Amaj7,G#min7f5,C#7
x-x-7-9-9-9,x-x-6-7-7-7,x-x-9-10-9-9
It could happen 2_copy_slice,,
G#min7f5,C#7,F#min7
x-x-6-7-7-7,x-x-9-10-9-9,x-x-7-9-7-9
It could happen 2_copy_slice,,
C#7,F#min7,F#min7
x-x-9-10-9-9,x-x-7-9-7-9,x-x-11-11-10-12
It could happen 2_copy_slice,,
F#min7,F#min7,B7
x-x-7-9-7-9,x-x-11-11-10-12,x-x-9-11-10-11
It could happen 2_copy_slice,,
F#min7,B7,B7
x-x-11-11-10-12,x-x-9-11-10-11,x-x-13-14-12-14
It could happen 2_copy_slice,,
B7,B7,Emaj7
x-x-9-11-10-11,x-x-13-14-12-14,x-x-13-13-12-12
It could happen 2_copy_slice,,
B7,Emaj7,Emaj7
x-x-13-14-12-14,x-x-13-13-12-12,x-11-13-9-12-x
It could happen 2_copy_slice,,
Emaj7,Emaj7,F#min7
x-x-13-13-12-12,x-11-13-9-12-x,x-9-11-9-10-x
It could happen 2_copy_slice,,
Emaj7,F#min7,B7
x-11-13-9-12-x,x-9-11-9-10-x,x-9-9-8-10-x
It could happen 2_copy_slice,,
Fmaj7,Fmaj7,Amin7f5
x-x-10-10-10-12,x-x-7-9-6-8,x-x-10-12-10-11
It could happen 2_copy_slice,,
Fmaj7,Amin7f5,D7
x-x-7-9-6-8,x-x-10-12-10-11,x-x-10-11-10-10
It could happen 2_copy_slice,,
Amin7f5,D7,Gmin7
x-x-10-12-10-11,x-x-10-11-10-10,x-x-12-12-11-13
It could happen 2_copy_slice,,
D7,Gmin7,Gmin7
x-x-10-11-10-10,x-x-12-12-11-13,x-x-8-10-8-10
It could happen 2_copy_slice,,
Gmin7,Gmin7,Bmin7f5
x-x-12-12-11-13,x-x-8-10-8-10,x-x-12-14-12-13
It could happen 2_copy_slice,,
Gmin7,Bmin7f5,E7
x-x-8-10-8-10,x-x-12-14-12-13,x-x-12-13-12-12
It could happen 2_copy_slice,,
Bmin7f5,E7,Fmaj7
x-x-12-14-12-13,x-x-12-13-12-12,x-x-10-10-10-12
It could happen 2_copy_slice,,
E7,Fmaj7,Fmaj7
x-x-12-13-12-12,x-x-10-10-10-12,x-x-7-9-6-8
It could happen 2_copy_slice,,
Fmaj7,Fmaj7,A#maj7
x-x-10-10-10-12,x-x-7-9-6-8,x-x-8-10-10-10
It could happen 2_copy_slice,,
Fmaj7,A#maj7,A#maj7
x-x-7-9-6-8,x-x-8-10-10-10,x-x-7-7-6-6
It could happen 2_copy_slice,,
A#maj7,A#maj7,Amin7f5
x-x-8-10-10-10,x-x-7-7-6-6,x-x-5-5-4-5
It could happen 2_copy_slice,,
A#maj7,Amin7f5,Amin7f5
x-x-7-7-6-6,x-x-5-5-4-5,x-x-7-8-8-8
It could happen 2_copy_slice,,
Amin7f5,Amin7f5,D7
x-x-5-5-4-5,x-x-7-8-8-8,x-x-7-7-7-8
It could happen 2_copy_slice,,
Amin7f5,D7,D7
x-x-7-8-8-8,x-x-7-7-7-8,x-x-10-11-10-10
It could happen 2_copy_slice,,
D7,D7,Gmin7
x-x-7-7-7-8,x-x-10-11-10-10,x-x-8-10-8-10
It could happen 2_copy_slice,,
D7,Gmin7,Gmin7
x-x-10-11-10-10,x-x-8-10-8-10,x-x-5-7-6-6
It could happen 2_copy_slice,,
Gmin7,Gmin7,A#min7
x-x-8-10-8-10,x-x-5-7-6-6,x-x-8-10-9-9
It could happen 2_copy_slice,,
Gmin7,A#min7,D#7
x-x-5-7-6-6,x-x-8-10-9-9,x-10-11-8-11-x
It could happen 2_copy_slice,,
A#min7,D#7,Fmaj7
x-x-8-10-9-9,x-10-11-8-11-x,x-x-7-9-6-8
It could happen 2_copy_slice,,
D#7,Fmaj7,A#maj7
x-10-11-8-11-x,x-x-7-9-6-8,x-x-8-10-10-10
It could happen 2_copy_slice,,
Fmaj7,A#maj7,Amin7f5
x-x-7-9-6-8,x-x-8-10-10-10,x-x-7-8-8-8
It could happen 2_copy_slice,,
A#maj7,Amin7f5,D7
x-x-8-10-10-10,x-x-7-8-8-8,x-x-10-11-10-10
It could happen 2_copy_slice,,
Amin7f5,D7,Gmin7
x-x-7-8-8-8,x-x-10-11-10-10,x-x-8-10-8-10
It could happen 2_copy_slice,,
D7,Gmin7,Gmin7
x-x-10-11-10-10,x-x-8-10-8-10,x-x-12-12-11-13
It could happen 2_copy_slice,,
Gmin7,Gmin7,C7
x-x-8-10-8-10,x-x-12-12-11-13,x-x-10-12-11-12
It could happen 2_copy_slice,,
Gmin7,C7,C7
x-x-12-12-11-13,x-x-10-12-11-12,x-x-14-15-13-15
It could happen 2_copy_slice,,
C7,C7,Fmaj7
x-x-10-12-11-12,x-x-14-15-13-15,x-x-14-14-13-13
It could happen 2_copy_slice,,
C7,Fmaj7,Fmaj7
x-x-14-15-13-15,x-x-14-14-13-13,x-12-14-10-13-x
It could happen 2_copy_slice,,
Fmaj7,Fmaj7,Gmin7
x-x-14-14-13-13,x-12-14-10-13-x,x-10-12-10-11-x
It could happen 2_copy_slice,,
Fmaj7,Gmin7,C7
x-12-14-10-13-x,x-10-12-10-11-x,x-10-10-9-11-x
It could happen 2_copy_slice,,
F#maj7,F#maj7,A#min7f5
x-x-11-11-11-13,x-x-8-10-7-9,x-x-11-13-11-12
It could happen 2_copy_slice,,
F#maj7,A#min7f5,D#7
x-x-8-10-7-9,x-x-11-13-11-12,x-x-11-12-11-11
It could happen 2_copy_slice,,
A#min7f5,D#7,G#min7
x-x-11-13-11-12,x-x-11-12-11-11,x-x-13-13-12-14
It could happen 2_copy_slice,,
D#7,G#min7,G#min7
x-x-11-12-11-11,x-x-13-13-12-14,x-x-9-11-9-11
It could happen 2_copy_slice,,
G#min7,G#min7,Cmin7f5
x-x-13-13-12-14,x-x-9-11-9-11,x-x-13-15-13-14
It could happen 2_copy_slice,,
G#min7,Cmin7f5,F7
x-x-9-11-9-11,x-x-13-15-13-14,x-x-13-14-13-13
It could happen 2_copy_slice,,
Cmin7f5,F7,F#maj7
x-x-13-15-13-14,x-x-13-14-13-13,x-x-11-11-11-13
It could happen 2_copy_slice,,
F7,F#maj7,F#maj7
x-x-13-14-13-13,x-x-11-11-11-13,x-x-8-10-7-9
It could happen 2_copy_slice,,
F#maj7,F#maj7,Bmaj7
x-x-11-11-11-13,x-x-8-10-7-9,x-x-9-11-11-11
It could happen 2_copy_slice,,
F#maj7,Bmaj7,Bmaj7
x-x-8-10-7-9,x-x-9-11-11-11,x-x-8-8-7-7
It could happen 2_copy_slice,,
Bmaj7,Bmaj7,A#min7f5
x-x-9-11-11-11,x-x-8-8-7-7,x-x-6-6-5-6
It could happen 2_copy_slice,,
Bmaj7,A#min7f5,A#min7f5
x-x-8-8-7-7,x-x-6-6-5-6,x-x-8-9-9-9
It could happen 2_copy_slice,,
A#min7f5,A#min7f5,D#7
x-x-6-6-5-6,x-x-8-9-9-9,x-x-8-8-8-9
It could happen 2_copy_slice,,
A#min7f5,D#7,D#7
x-x-8-9-9-9,x-x-8-8-8-9,x-x-11-12-11-11
It could happen 2_copy_slice,,
D#7,D#7,G#min7
x-x-8-8-8-9,x-x-11-12-11-11,x-x-9-11-9-11
It could happen 2_copy_slice,,
D#7,G#min7,G#min7
x-x-11-12-11-11,x-x-9-11-9-11,x-x-6-8-7-7
It could happen 2_copy_slice,,
G#min7,G#min7,Bmin7
x-x-9-11-9-11,x-x-6-8-7-7,x-x-9-11-10-10
It could happen 2_copy_slice,,
G#min7,Bmin7,E7
x-x-6-8-7-7,x-x-9-11-10-10,x-11-12-9-12-x
It could happen 2_copy_slice,,
Bmin7,E7,F#maj7
x-x-9-11-10-10,x-11-12-9-12-x,x-x-8-10-7-9
It could happen 2_copy_slice,,
E7,F#maj7,Bmaj7
x-11-12-9-12-x,x-x-8-10-7-9,x-x-9-11-11-11
It could happen 2_copy_slice,,
F#maj7,Bmaj7,A#min7f5
x-x-8-10-7-9,x-x-9-11-11-11,x-x-8-9-9-9
It could happen 2_copy_slice,,
Bmaj7,A#min7f5,D#7
x-x-9-11-11-11,x-x-8-9-9-9,x-x-11-12-11-11
It could happen 2_copy_slice,,
A#min7f5,D#7,G#min7
x-x-8-9-9-9,x-x-11-12-11-11,x-x-9-11-9-11
It could happen 2_copy_slice,,
D#7,G#min7,G#min7
x-x-11-12-11-11,x-x-9-11-9-11,x-x-13-13-12-14
It could happen 2_copy_slice,,
G#min7,G#min7,C#7
x-x-9-11-9-11,x-x-13-13-12-14,x-x-11-13-12-13
It could happen 2_copy_slice,,
G#min7,C#7,C#7
x-x-13-13-12-14,x-x-11-13-12-13,x-x-15-16-14-16
It could happen 2_copy_slice,,
C#7,C#7,F#maj7
x-x-11-13-12-13,x-x-15-16-14-16,x-x-15-15-14-14
It could happen 2_copy_slice,,
C#7,F#maj7,F#maj7
x-x-15-16-14-16,x-x-15-15-14-14,x-13-15-11-14-x
It could happen 2_copy_slice,,
F#maj7,F#maj7,G#min7
x-x-15-15-14-14,x-13-15-11-14-x,x-11-13-11-12-x
It could happen 2_copy_slice,,
F#maj7,G#min7,C#7
x-13-15-11-14-x,x-11-13-11-12-x,x-11-11-10-12-x
It could happen 2_copy_slice,,
Gmaj7,Gmaj7,Bmin7f5
x-x-12-12-12-14,x-x-9-11-8-10,x-x-12-14-12-13
It could happen 2_copy_slice,,
Gmaj7,Bmin7f5,E7
x-x-9-11-8-10,x-x-12-14-12-13,x-x-12-13-12-12
It could happen 2_copy_slice,,
Bmin7f5,E7,Amin7
x-x-12-14-12-13,x-x-12-13-12-12,x-x-14-14-13-15
It could happen 2_copy_slice,,
E7,Amin7,Amin7
x-x-12-13-12-12,x-x-14-14-13-15,x-x-10-12-10-12
It could happen 2_copy_slice,,
Amin7,Amin7,C#min7f5
x-x-14-14-13-15,x-x-10-12-10-12,x-x-14-16-14-15
It could happen 2_copy_slice,,
Amin7,C#min7f5,F#7
x-x-10-12-10-12,x-x-14-16-14-15,x-x-14-15-14-14
It could happen 2_copy_slice,,
C#min7f5,F#7,Gmaj7
x-x-14-16-14-15,x-x-14-15-14-14,x-x-12-12-12-14
It could happen 2_copy_slice,,
F#7,Gmaj7,Gmaj7
x-x-14-15-14-14,x-x-12-12-12-14,x-x-9-11-8-10
It could happen 2_copy_slice,,
Gmaj7,Gmaj7,Cmaj7
x-x-12-12-12-14,x-x-9-11-8-10,x-x-10-12-12-12
It could happen 2_copy_slice,,
Gmaj7,Cmaj7,Cmaj7
x-x-9-11-8-10,x-x-10-12-12-12,x-x-9-9-8-8
It could happen 2_copy_slice,,
Cmaj7,Cmaj7,Bmin7f5
x-x-10-12-12-12,x-x-9-9-8-8,x-x-7-7-6-7
It could happen 2_copy_slice,,
Cmaj7,Bmin7f5,Bmin7f5
x-x-9-9-8-8,x-x-7-7-6-7,x-x-9-10-10-10
It could happen 2_copy_slice,,
Bmin7f5,Bmin7f5,E7
x-x-7-7-6-7,x-x-9-10-10-10,x-x-9-9-9-10
It could happen 2_copy_slice,,
Bmin7f5,E7,E7
x-x-9-10-10-10,x-x-9-9-9-10,x-x-12-13-12-12
It could happen 2_copy_slice,,
E7,E7,Amin7
x-x-9-9-9-10,x-x-12-13-12-12,x-x-10-12-10-12
It could happen 2_copy_slice,,
E7,Amin7,Amin7
x-x-12-13-12-12,x-x-10-12-10-12,x-x-7-9-8-8
It could happen 2_copy_slice,,
Amin7,Amin7,Cmin7
x-x-10-12-10-12,x-x-7-9-8-8,x-x-10-12-11-11
It could happen 2_copy_slice,,
Amin7,Cmin7,F7
x-x-7-9-8-8,x-x-10-12-11-11,x-12-13-10-13-x
It could happen 2_copy_slice,,
Cmin7,F7,Gmaj7
x-x-10-12-11-11,x-12-13-10-13-x,x-x-9-11-8-10
It could happen 2_copy_slice,,
F7,Gmaj7,Cmaj7
x-12-13-10-13-x,x-x-9-11-8-10,x-x-10-12-12-12
It could happen 2_copy_slice,,
Gmaj7,Cmaj7,Bmin7f5
x-x-9-11-8-10,x-x-10-12-12-12,x-x-9-10-10-10
It could happen 2_copy_slice,,
Cmaj7,Bmin7f5,E7
x-x-10-12-12-12,x-x-9-10-10-10,x-x-12-13-12-12
It could happen 2_copy_slice,,
Bmin7f5,E7,Amin7
x-x-9-10-10-10,x-x-12-13-12-12,x-x-10-12-10-12
It could happen 2_copy_slice,,
E7,Amin7,Amin7
x-x-12-13-12-12,x-x-10-12-10-12,x-x-14-14-13-15
It could happen 2_copy_slice,,
Amin7,Amin7,D7
x-x-10-12-10-12,x-x-14-14-13-15,x-x-12-14-13-14
It could happen 2_copy_slice,,
Amin7,D7,D7
x-x-14-14-13-15,x-x-12-14-13-14,x-x-16-17-15-17
It could happen 2_copy_slice,,
D7,D7,Gmaj7
x-x-12-14-13-14,x-x-16-17-15-17,x-x-16-16-15-15
It could happen 2_copy_slice,,
D7,Gmaj7,Gmaj7
x-x-16-17-15-17,x-x-16-16-15-15,x-14-16-12-15-x
It could happen 2_copy_slice,,
Gmaj7,Gmaj7,Amin7
x-x-16-16-15-15,x-14-16-12-15-x,x-12-14-12-13-x
It could happen 2_copy_slice,,
Gmaj7,Amin7,D7
x-14-16-12-15-x,x-12-14-12-13-x,x-12-12-11-13-x
It could happen 2_copy_slice,,
G#maj7,G#maj7,Cmin7f5
x-x-13-13-13-15,x-x-10-12-9-11,x-x-13-15-13-14
It could happen 2_copy_slice,,
G#maj7,Cmin7f5,F7
x-x-10-12-9-11,x-x-13-15-13-14,x-x-13-14-13-13
It could happen 2_copy_slice,,
Cmin7f5,F7,A#min7
x-x-13-15-13-14,x-x-13-14-13-13,x-x-15-15-14-16
It could happen 2_copy_slice,,
F7,A#min7,A#min7
x-x-13-14-13-13,x-x-15-15-14-16,x-x-11-13-11-13
It could happen 2_copy_slice,,
A#min7,A#min7,Dmin7f5
x-x-15-15-14-16,x-x-11-13-11-13,x-x-15-17-15-16
It could happen 2_copy_slice,,
A#min7,Dmin7f5,G7
x-x-11-13-11-13,x-x-15-17-15-16,x-x-15-16-15-15
It could happen 2_copy_slice,,
Dmin7f5,G7,G#maj7
x-x-15-17-15-16,x-x-15-16-15-15,x-x-13-13-13-15
It could happen 2_copy_slice,,
G7,G#maj7,G#maj7
x-x-15-16-15-15,x-x-13-13-13-15,x-x-10-12-9-11
It could happen 2_copy_slice,,
G#maj7,G#maj7,C#maj7
x-x-13-13-13-15,x-x-10-12-9-11,x-x-11-13-13-13
It could happen 2_copy_slice,,
G#maj7,C#maj7,C#maj7
x-x-10-12-9-11,x-x-11-13-13-13,x-x-10-10-9-9
It could happen 2_copy_slice,,
C#maj7,C#maj7,Cmin7f5
x-x-11-13-13-13,x-x-10-10-9-9,x-x-8-8-7-8
It could happen 2_copy_slice,,
C#maj7,Cmin7f5,Cmin7f5
x-x-10-10-9-9,x-x-8-8-7-8,x-x-10-11-11-11
It could happen 2_copy_slice,,
Cmin7f5,Cmin7f5,F7
x-x-8-8-7-8,x-x-10-11-11-11,x-x-10-10-10-11
It could happen 2_copy_slice,,
Cmin7f5,F7,F7
x-x-10-11-11-11,x-x-10-10-10-11,x-x-13-14-13-13
It could happen 2_copy_slice,,
F7,F7,A#min7
x-x-10-10-10-11,x-x-13-14-13-13,x-x-11-13-11-13
It could happen 2_copy_slice,,
F7,A#min7,A#min7
x-x-13-14-13-13,x-x-11-13-11-13,x-x-8-10-9-9
It could happen 2_copy_slice,,
A#min7,A#min7,C#min7
x-x-11-13-11-13,x-x-8-10-9-9,x-x-11-13-12-12
It could happen 2_copy_slice,,
A#min7,C#min7,F#7
x-x-8-10-9-9,x-x-11-13-12-12,x-13-14-11-14-x
It could happen 2_copy_slice,,
C#min7,F#7,G#maj7
x-x-11-13-12-12,x-13-14-11-14-x,x-x-10-12-9-11
It could happen 2_copy_slice,,
F#7,G#maj7,C#maj7
x-13-14-11-14-x,x-x-10-12-9-11,x-x-11-13-13-13
It could happen 2_copy_slice,,
G#maj7,C#maj7,Cmin7f5
x-x-10-12-9-11,x-x-11-13-13-13,x-x-10-11-11-11
It could happen 2_copy_slice,,
C#maj7,Cmin7f5,F7
x-x-11-13-13-13,x-x-10-11-11-11,x-x-13-14-13-13
It could happen 2_copy_slice,,
Cmin7f5,F7,A#min7
x-x-10-11-11-11,x-x-13-14-13-13,x-x-11-13-11-13
It could happen 2_copy_slice,,
F7,A#min7,A#min7
x-x-13-14-13-13,x-x-11-13-11-13,x-x-15-15-14-16
It could happen 2_copy_slice,,
A#min7,A#min7,D#7
x-x-11-13-11-13,x-x-15-15-14-16,x-x-13-15-14-15
It could happen 2_copy_slice,,
A#min7,D#7,D#7
x-x-15-15-14-16,x-x-13-15-14-15,x-x-17-18-16-18
It could happen 2_copy_slice,,
D#7,D#7,G#maj7
x-x-13-15-14-15,x-x-17-18-16-18,x-x-17-17-16-16
It could happen 2_copy_slice,,
D#7,G#maj7,G#maj7
x-x-17-18-16-18,x-x-17-17-16-16,x-15-17-13-16-x
It could happen 2_copy_slice,,
G#maj7,G#maj7,A#min7
x-x-17-17-16-16,x-15-17-13-16-x,x-13-15-13-14-x
It could happen 2_copy_slice,,
G#maj7,A#min7,D#7
x-15-17-13-16-x,x-13-15-13-14-x,x-13-13-12-14-x
